"","fragment_ID","site","tank","treatment","scan","order_in_tank","notes","full_path","reflectance_file","file_time","tank.y","tank_from_filename"
"1","DB-sid08-051426","Dania",1,"+4C",1,78,NA,"data/TP1/TANK12_Reflection__77__77.txt","TANK12_Reflection__77__77.txt",2026-06-11 14:01:05.044327,12,12
"2","DB-sid08-051426","Dania",1,"+4C",2,79,NA,"data/TP1/TANK12_Reflection__78__78.txt","TANK12_Reflection__78__78.txt",2026-06-11 14:01:24.394377,12,12
"3","DB-sid08-051426","Dania",1,"+4C",3,80,NA,"data/TP1/TANK12_Reflection__79__79.txt","TANK12_Reflection__79__79.txt",2026-06-11 14:01:37.760893,12,12
"4","DB-sid12-051426","Dania",1,"+4C",1,11,NA,"data/TP1/TANK12_Reflection__10__10.txt","TANK12_Reflection__10__10.txt",2026-06-11 13:13:21.411108,12,12
"5","DB-sid12-051426","Dania",1,"+4C",2,12,NA,"data/TP1/TANK12_Reflection__11__11.txt","TANK12_Reflection__11__11.txt",2026-06-11 13:13:35.526476,12,12
"6","DB-sid12-051426","Dania",1,"+4C",3,13,NA,"data/TP1/TANK12_Reflection__12__12.txt","TANK12_Reflection__12__12.txt",2026-06-11 13:13:47.960436,12,12
"7","DB-sid23-051426","Dania",1,"+4C",1,75,NA,"data/TP1/TANK12_Reflection__74__74.txt","TANK12_Reflection__74__74.txt",2026-06-11 13:59:52.311977,12,12
"8","DB-sid23-051426","Dania",1,"+4C",2,76,NA,"data/TP1/TANK12_Reflection__75__75.txt","TANK12_Reflection__75__75.txt",2026-06-11 14:00:03.565479,12,12
"9","DB-sid23-051426","Dania",1,"+4C",3,77,NA,"data/TP1/TANK12_Reflection__76__76.txt","TANK12_Reflection__76__76.txt",2026-06-11 14:00:15.395004,12,12
"10","EMERALD-sid05-052026","Emerald Reef",1,"+4C",1,48,NA,"data/TP1/TANK12_Reflection__47__47.txt","TANK12_Reflection__47__47.txt",2026-06-11 13:39:11.071873,12,12
"11","EMERALD-sid05-052026","Emerald Reef",1,"+4C",2,49,NA,"data/TP1/TANK12_Reflection__48__48.txt","TANK12_Reflection__48__48.txt",2026-06-11 13:41:41.657591,12,12
"12","EMERALD-sid05-052026","Emerald Reef",1,"+4C",3,50,NA,"data/TP1/TANK12_Reflection__49__49.txt","TANK12_Reflection__49__49.txt",2026-06-11 13:41:57.586987,12,12
"13","EMERALD-sid10-052026","Emerald Reef",1,"+4C",1,14,NA,"data/TP1/TANK12_Reflection__13__13.txt","TANK12_Reflection__13__13.txt",2026-06-11 13:15:43.57983,12,12
"14","EMERALD-sid10-052026","Emerald Reef",1,"+4C",2,15,NA,"data/TP1/TANK12_Reflection__14__14.txt","TANK12_Reflection__14__14.txt",2026-06-11 13:15:51.629185,12,12
"15","EMERALD-sid10-052026","Emerald Reef",1,"+4C",3,16,NA,"data/TP1/TANK12_Reflection__15__15.txt","TANK12_Reflection__15__15.txt",2026-06-11 13:16:00.253666,12,12
"16","GRA-sid20-051426","Graceland",1,"+4C",1,39,NA,"data/TP1/TANK12_Reflection__38__38.txt","TANK12_Reflection__38__38.txt",2026-06-11 13:29:35.871948,12,12
"17","GRA-sid20-051426","Graceland",1,"+4C",2,40,NA,"data/TP1/TANK12_Reflection__39__39.txt","TANK12_Reflection__39__39.txt",2026-06-11 13:29:44.654926,12,12
"18","GRA-sid20-051426","Graceland",1,"+4C",3,41,NA,"data/TP1/TANK12_Reflection__40__40.txt","TANK12_Reflection__40__40.txt",2026-06-11 13:29:52.493809,12,12
"19","GRA-sid27-051426","Graceland",1,"+4C",1,5,NA,"data/TP1/TANK12_Reflection__4__04.txt","TANK12_Reflection__4__04.txt",2026-06-11 13:10:56.797421,12,12
"20","GRA-sid27-051426","Graceland",1,"+4C",2,6,NA,"data/TP1/TANK12_Reflection__5__05.txt","TANK12_Reflection__5__05.txt",2026-06-11 13:11:14.015333,12,12
"21","GRA-sid27-051426","Graceland",1,"+4C",3,7,NA,"data/TP1/TANK12_Reflection__6__06.txt","TANK12_Reflection__6__06.txt",2026-06-11 13:11:24.152966,12,12
"22","GRA-sid35-051426","Graceland",1,"+4C",2,24,NA,"data/TP1/TANK12_Reflection__23__23.txt","TANK12_Reflection__23__23.txt",2026-06-11 13:20:28.670095,12,12
"23","GRA-sid35-051426","Graceland",1,"+4C",3,25,NA,"data/TP1/TANK12_Reflection__24__24.txt","TANK12_Reflection__24__24.txt",2026-06-11 13:20:48.987534,12,12
"24","GRA-sid35-051426","Graceland",1,"+4C",4,26,NA,"data/TP1/TANK12_Reflection__25__25.txt","TANK12_Reflection__25__25.txt",2026-06-11 13:21:02.264902,12,12
"25","HB-sid16-051426","Hollywood",1,"+4C",1,8,NA,"data/TP1/TANK12_Reflection__7__07.txt","TANK12_Reflection__7__07.txt",2026-06-11 13:11:51.534245,12,12
"26","HB-sid16-051426","Hollywood",1,"+4C",2,9,NA,"data/TP1/TANK12_Reflection__8__08.txt","TANK12_Reflection__8__08.txt",2026-06-11 13:12:00.537149,12,12
"27","HB-sid16-051426","Hollywood",1,"+4C",3,10,NA,"data/TP1/TANK12_Reflection__9__09.txt","TANK12_Reflection__9__09.txt",2026-06-11 13:12:07.229933,12,12
"28","JR-sid19-052026","JR's Ledge",1,"+4C",1,27,NA,"data/TP1/TANK12_Reflection__26__26.txt","TANK12_Reflection__26__26.txt",2026-06-11 13:21:38.514788,12,12
"29","JR-sid19-052026","JR's Ledge",1,"+4C",2,28,NA,"data/TP1/TANK12_Reflection__27__27.txt","TANK12_Reflection__27__27.txt",2026-06-11 13:21:49.636932,12,12
"30","JR-sid19-052026","JR's Ledge",1,"+4C",3,29,NA,"data/TP1/TANK12_Reflection__28__28.txt","TANK12_Reflection__28__28.txt",2026-06-11 13:21:58.256018,12,12
"31","JR-sid31-052026","JR's Ledge",1,"+4C",1,54,NA,"data/TP1/TANK12_Reflection__53__53.txt","TANK12_Reflection__53__53.txt",2026-06-11 13:45:49.901928,12,12
"32","JR-sid31-052026","JR's Ledge",1,"+4C",2,55,NA,"data/TP1/TANK12_Reflection__54__54.txt","TANK12_Reflection__54__54.txt",2026-06-11 13:46:02.712357,12,12
"33","JR-sid31-052026","JR's Ledge",1,"+4C",3,56,NA,"data/TP1/TANK12_Reflection__55__55.txt","TANK12_Reflection__55__55.txt",2026-06-11 13:46:14.208046,12,12
"34","REV-sid09-052026","Reverse Reef",1,"+4C",1,30,NA,"data/TP1/TANK12_Reflection__29__29.txt","TANK12_Reflection__29__29.txt",2026-06-11 13:23:43.028828,12,12
"35","REV-sid09-052026","Reverse Reef",1,"+4C",2,31,NA,"data/TP1/TANK12_Reflection__30__30.txt","TANK12_Reflection__30__30.txt",2026-06-11 13:23:53.523891,12,12
"36","REV-sid09-052026","Reverse Reef",1,"+4C",3,32,NA,"data/TP1/TANK12_Reflection__31__31.txt","TANK12_Reflection__31__31.txt",2026-06-11 13:24:04.408417,12,12
"37","REV-sid12-052026","Reverse Reef",1,"+4C",1,42,NA,"data/TP1/TANK12_Reflection__41__41.txt","TANK12_Reflection__41__41.txt",2026-06-11 13:37:00.36355,12,12
"38","REV-sid12-052026","Reverse Reef",1,"+4C",2,43,NA,"data/TP1/TANK12_Reflection__42__42.txt","TANK12_Reflection__42__42.txt",2026-06-11 13:37:15.065977,12,12
"39","REV-sid12-052026","Reverse Reef",1,"+4C",3,44,NA,"data/TP1/TANK12_Reflection__43__43.txt","TANK12_Reflection__43__43.txt",2026-06-11 13:37:26.377645,12,12
"40","REV-sid16-052026","Reverse Reef",1,"+4C",1,51,NA,"data/TP1/TANK12_Reflection__50__50.txt","TANK12_Reflection__50__50.txt",2026-06-11 13:44:17.01355,12,12
"41","REV-sid16-052026","Reverse Reef",1,"+4C",2,52,NA,"data/TP1/TANK12_Reflection__51__51.txt","TANK12_Reflection__51__51.txt",2026-06-11 13:44:38.440044,12,12
"42","REV-sid16-052026","Reverse Reef",1,"+4C",3,53,NA,"data/TP1/TANK12_Reflection__52__52.txt","TANK12_Reflection__52__52.txt",2026-06-11 13:44:50.461723,12,12
"43","URB-sid16-052826","Dodge Island",1,"+4C",1,20,NA,"data/TP1/TANK12_Reflection__19__19.txt","TANK12_Reflection__19__19.txt",2026-06-11 13:19:31.448513,12,12
"44","URB-sid16-052826","Dodge Island",1,"+4C",2,21,NA,"data/TP1/TANK12_Reflection__20__20.txt","TANK12_Reflection__20__20.txt",2026-06-11 13:19:40.649759,12,12
"45","URB-sid16-052826","Dodge Island",1,"+4C",3,22,NA,"data/TP1/TANK12_Reflection__21__21.txt","TANK12_Reflection__21__21.txt",2026-06-11 13:19:50.201908,12,12
"46","URB-sid17-052826","Dodge Island",1,"+4C",1,60,NA,"data/TP1/TANK12_Reflection__59__59.txt","TANK12_Reflection__59__59.txt",2026-06-11 13:49:04.029905,12,12
"47","URB-sid17-052826","Dodge Island",1,"+4C",2,61,NA,"data/TP1/TANK12_Reflection__60__60.txt","TANK12_Reflection__60__60.txt",2026-06-11 13:49:20.693529,12,12
"48","URB-sid17-052826","Dodge Island",1,"+4C",3,62,NA,"data/TP1/TANK12_Reflection__61__61.txt","TANK12_Reflection__61__61.txt",2026-06-11 13:49:30.830667,12,12
"49","URB-sid34-052826","Dodge Island",1,"+4C",1,66,NA,"data/TP1/TANK12_Reflection__65__65.txt","TANK12_Reflection__65__65.txt",2026-06-11 13:52:51.613306,12,12
"50","URB-sid34-052826","Dodge Island",1,"+4C",2,67,NA,"data/TP1/TANK12_Reflection__66__66.txt","TANK12_Reflection__66__66.txt",2026-06-11 13:53:01.197115,12,12
"51","URB-sid34-052826","Dodge Island",1,"+4C",3,68,NA,"data/TP1/TANK12_Reflection__67__67.txt","TANK12_Reflection__67__67.txt",2026-06-11 13:57:03.781595,12,12
"52","cave-ssid17-04162026","Caves",1,"+4C",1,63,NA,"data/TP1/TANK12_Reflection__62__62.txt","TANK12_Reflection__62__62.txt",2026-06-11 13:50:33.807213,12,12
"53","cave-ssid17-04162026","Caves",1,"+4C",2,64,NA,"data/TP1/TANK12_Reflection__63__63.txt","TANK12_Reflection__63__63.txt",2026-06-11 13:50:45.308498,12,12
"54","cave-ssid17-04162026","Caves",1,"+4C",3,65,NA,"data/TP1/TANK12_Reflection__64__64.txt","TANK12_Reflection__64__64.txt",2026-06-11 13:51:05.649376,12,12
"55","cave-ssid22-04162026","Caves",1,"+4C",1,36,NA,"data/TP1/TANK12_Reflection__35__35.txt","TANK12_Reflection__35__35.txt",2026-06-11 13:26:39.9065,12,12
"56","cave-ssid22-04162026","Caves",1,"+4C",2,37,NA,"data/TP1/TANK12_Reflection__36__36.txt","TANK12_Reflection__36__36.txt",2026-06-11 13:26:55.596327,12,12
"57","cave-ssid22-04162026","Caves",1,"+4C",3,38,NA,"data/TP1/TANK12_Reflection__37__37.txt","TANK12_Reflection__37__37.txt",2026-06-11 13:27:03.630169,12,12
"58","cave-ssid26-04162026","Caves",1,"+4C",1,17,NA,"data/TP1/TANK12_Reflection__16__16.txt","TANK12_Reflection__16__16.txt",2026-06-11 13:18:46.442299,12,12
"59","cave-ssid26-04162026","Caves",1,"+4C",2,18,NA,"data/TP1/TANK12_Reflection__17__17.txt","TANK12_Reflection__17__17.txt",2026-06-11 13:18:55.630407,12,12
"60","cave-ssid26-04162026","Caves",1,"+4C",3,19,NA,"data/TP1/TANK12_Reflection__18__18.txt","TANK12_Reflection__18__18.txt",2026-06-11 13:19:02.333563,12,12
"61","ftlb1-ssid04-03232026","BAR",1,"+4C",1,57,NA,"data/TP1/TANK12_Reflection__56__56.txt","TANK12_Reflection__56__56.txt",2026-06-11 13:46:53.411617,12,12
"62","ftlb1-ssid04-03232026","BAR",1,"+4C",2,58,NA,"data/TP1/TANK12_Reflection__57__57.txt","TANK12_Reflection__57__57.txt",2026-06-11 13:47:06.028103,12,12
"63","ftlb1-ssid04-03232026","BAR",1,"+4C",3,59,NA,"data/TP1/TANK12_Reflection__58__58.txt","TANK12_Reflection__58__58.txt",2026-06-11 13:47:16.375687,12,12
"64","ftlb1-ssid07-03232026","BAR",1,"+4C",1,69,NA,"data/TP1/TANK12_Reflection__68__68.txt","TANK12_Reflection__68__68.txt",2026-06-11 13:57:35.643633,12,12
"65","ftlb1-ssid07-03232026","BAR",1,"+4C",2,70,NA,"data/TP1/TANK12_Reflection__69__69.txt","TANK12_Reflection__69__69.txt",2026-06-11 13:57:52.45587,12,12
"66","ftlb1-ssid07-03232026","BAR",1,"+4C",3,71,NA,"data/TP1/TANK12_Reflection__70__70.txt","TANK12_Reflection__70__70.txt",2026-06-11 13:58:05.859797,12,12
"67","ftlb1-ssid09-03232026","BAR",1,"+4C",1,45,NA,"data/TP1/TANK12_Reflection__44__44.txt","TANK12_Reflection__44__44.txt",2026-06-11 13:38:16.291527,12,12
"68","ftlb1-ssid09-03232026","BAR",1,"+4C",2,46,NA,"data/TP1/TANK12_Reflection__45__45.txt","TANK12_Reflection__45__45.txt",2026-06-11 13:38:25.097422,12,12
"69","ftlb1-ssid09-03232026","BAR",1,"+4C",3,47,NA,"data/TP1/TANK12_Reflection__46__46.txt","TANK12_Reflection__46__46.txt",2026-06-11 13:38:41.156137,12,12
"70","sc-ssid18-04182026","South Canyon",1,"+4C",1,72,NA,"data/TP1/TANK12_Reflection__71__71.txt","TANK12_Reflection__71__71.txt",2026-06-11 13:58:53.700455,12,12
"71","sc-ssid18-04182026","South Canyon",1,"+4C",2,73,NA,"data/TP1/TANK12_Reflection__72__72.txt","TANK12_Reflection__72__72.txt",2026-06-11 13:59:10.935831,12,12
"72","sc-ssid18-04182026","South Canyon",1,"+4C",3,74,NA,"data/TP1/TANK12_Reflection__73__73.txt","TANK12_Reflection__73__73.txt",2026-06-11 13:59:20.69598,12,12
"73","sc-ssid19-04182026","South Canyon",1,"+4C",1,33,NA,"data/TP1/TANK12_Reflection__32__32.txt","TANK12_Reflection__32__32.txt",2026-06-11 13:25:00.63353,12,12
"74","sc-ssid19-04182026","South Canyon",1,"+4C",2,34,NA,"data/TP1/TANK12_Reflection__33__33.txt","TANK12_Reflection__33__33.txt",2026-06-11 13:25:15.376148,12,12
"75","sc-ssid19-04182026","South Canyon",1,"+4C",3,35,NA,"data/TP1/TANK12_Reflection__34__34.txt","TANK12_Reflection__34__34.txt",2026-06-11 13:25:23.779118,12,12
"76","skeleton_tank1",NA,1,"+4C",1,2,NA,"data/TP1/TANK12_Reflection__1__01.txt","TANK12_Reflection__1__01.txt",2026-06-11 13:08:54.938515,12,12
"77","skeleton_tank1",NA,1,"+4C",2,3,NA,"data/TP1/TANK12_Reflection__2__02.txt","TANK12_Reflection__2__02.txt",2026-06-11 13:09:03.946527,12,12
"78","skeleton_tank1",NA,1,"+4C",3,4,NA,"data/TP1/TANK12_Reflection__3__03.txt","TANK12_Reflection__3__03.txt",2026-06-11 13:09:14.892864,12,12
"79","spectralon_tank1",NA,1,"+4C",1,1,NA,"data/TP1/TANK12_Reflection__0__00.txt","TANK12_Reflection__0__00.txt",2026-06-11 13:05:42.113628,12,12
"80","DB-sid24-051426","Dania",2,"control",1,11,NA,"data/TP1/TANK11_Reflection__10__13.txt","TANK11_Reflection__10__13.txt",2026-06-11 14:40:25.959715,11,11
"81","DB-sid24-051426","Dania",2,"control",2,12,NA,"data/TP1/TANK11_Reflection__11__14.txt","TANK11_Reflection__11__14.txt",2026-06-11 14:40:34.945038,11,11
"82","DB-sid24-051426","Dania",2,"control",3,13,NA,"data/TP1/TANK11_Reflection__12__15.txt","TANK11_Reflection__12__15.txt",2026-06-11 14:40:42.709131,11,11
"83","DB-sid27-051426","Dania",2,"control",1,69,NA,"data/TP1/TANK11_Reflection__68__71.txt","TANK11_Reflection__68__71.txt",2026-06-11 15:16:55.677591,11,11
"84","DB-sid27-051426","Dania",2,"control",2,70,NA,"data/TP1/TANK11_Reflection__69__72.txt","TANK11_Reflection__69__72.txt",2026-06-11 15:17:07.602436,11,11
"85","DB-sid27-051426","Dania",2,"control",3,71,NA,"data/TP1/TANK11_Reflection__70__73.txt","TANK11_Reflection__70__73.txt",2026-06-11 15:17:15.382898,11,11
"86","DB-sid36-051426","Dania",2,"control",1,23,NA,"data/TP1/TANK11_Reflection__22__25.txt","TANK11_Reflection__22__25.txt",2026-06-11 14:46:45.355316,11,11
"87","DB-sid36-051426","Dania",2,"control",2,24,NA,"data/TP1/TANK11_Reflection__23__26.txt","TANK11_Reflection__23__26.txt",2026-06-11 14:47:01.178665,11,11
"88","DB-sid36-051426","Dania",2,"control",3,25,NA,"data/TP1/TANK11_Reflection__24__27.txt","TANK11_Reflection__24__27.txt",2026-06-11 14:47:10.661329,11,11
"89","EMERALD-sid03-052026","Emerald Reef",2,"control",1,50,NA,"data/TP1/TANK11_Reflection__49__52.txt","TANK11_Reflection__49__52.txt",2026-06-11 15:01:31.19446,11,11
"90","EMERALD-sid03-052026","Emerald Reef",2,"control",2,51,NA,"data/TP1/TANK11_Reflection__50__53.txt","TANK11_Reflection__50__53.txt",2026-06-11 15:01:41.644089,11,11
"91","EMERALD-sid03-052026","Emerald Reef",2,"control",3,52,NA,"data/TP1/TANK11_Reflection__51__54.txt","TANK11_Reflection__51__54.txt",2026-06-11 15:01:50.397972,11,11
"92","EMERALD-sid22-052026","Emerald Reef",2,"control",1,47,NA,"data/TP1/TANK11_Reflection__46__49.txt","TANK11_Reflection__46__49.txt",2026-06-11 15:00:42.609795,11,11
"93","EMERALD-sid22-052026","Emerald Reef",2,"control",2,48,NA,"data/TP1/TANK11_Reflection__47__50.txt","TANK11_Reflection__47__50.txt",2026-06-11 15:00:50.635162,11,11
"94","EMERALD-sid22-052026","Emerald Reef",2,"control",3,49,NA,"data/TP1/TANK11_Reflection__48__51.txt","TANK11_Reflection__48__51.txt",2026-06-11 15:00:56.470289,11,11
"95","GRA-sid08-051426","Graceland",2,"control",1,14,NA,"data/TP1/TANK11_Reflection__13__16.txt","TANK11_Reflection__13__16.txt",2026-06-11 14:41:22.781942,11,11
"96","GRA-sid08-051426","Graceland",2,"control",2,15,NA,"data/TP1/TANK11_Reflection__14__17.txt","TANK11_Reflection__14__17.txt",2026-06-11 14:41:30.056929,11,11
"97","GRA-sid08-051426","Graceland",2,"control",3,16,NA,"data/TP1/TANK11_Reflection__15__18.txt","TANK11_Reflection__15__18.txt",2026-06-11 14:41:36.380541,11,11
"98","GRA-sid23-051426","Graceland",2,"control",1,38,NA,"data/TP1/TANK11_Reflection__37__40.txt","TANK11_Reflection__37__40.txt",2026-06-11 14:55:50.06542,11,11
"99","GRA-sid23-051426","Graceland",2,"control",2,39,NA,"data/TP1/TANK11_Reflection__38__41.txt","TANK11_Reflection__38__41.txt",2026-06-11 14:55:59.773623,11,11
"100","GRA-sid23-051426","Graceland",2,"control",3,40,NA,"data/TP1/TANK11_Reflection__39__42.txt","TANK11_Reflection__39__42.txt",2026-06-11 14:56:08.03643,11,11
"101","GRA-sid33-051426","Graceland",2,"control",1,32,NA,"data/TP1/TANK11_Reflection__31__34.txt","TANK11_Reflection__31__34.txt",2026-06-11 14:51:13.620462,11,11
"102","GRA-sid33-051426","Graceland",2,"control",2,33,NA,"data/TP1/TANK11_Reflection__32__35.txt","TANK11_Reflection__32__35.txt",2026-06-11 14:51:23.100666,11,11
"103","GRA-sid33-051426","Graceland",2,"control",3,34,NA,"data/TP1/TANK11_Reflection__33__36.txt","TANK11_Reflection__33__36.txt",2026-06-11 14:51:29.659191,11,11
"104","HB-sid12-051426","Hollywood",2,"control",1,72,NA,"data/TP1/TANK11_Reflection__71__74.txt","TANK11_Reflection__71__74.txt",2026-06-11 15:19:38.946907,11,11
"105","HB-sid12-051426","Hollywood",2,"control",2,73,NA,"data/TP1/TANK11_Reflection__72__75.txt","TANK11_Reflection__72__75.txt",2026-06-11 15:20:05.26932,11,11
"106","HB-sid12-051426","Hollywood",2,"control",3,74,NA,"data/TP1/TANK11_Reflection__73__76.txt","TANK11_Reflection__73__76.txt",2026-06-11 15:20:12.346354,11,11
"107","JR-sid02-052026","JR's Ledge",2,"control",1,26,NA,"data/TP1/TANK11_Reflection__25__28.txt","TANK11_Reflection__25__28.txt",2026-06-11 14:47:39.159916,11,11
"108","JR-sid02-052026","JR's Ledge",2,"control",2,27,NA,"data/TP1/TANK11_Reflection__26__29.txt","TANK11_Reflection__26__29.txt",2026-06-11 14:47:47.921236,11,11
"109","JR-sid02-052026","JR's Ledge",2,"control",3,28,NA,"data/TP1/TANK11_Reflection__27__30.txt","TANK11_Reflection__27__30.txt",2026-06-11 14:47:59.588913,11,11
"110","JR-sid15-052026","JR's Ledge",2,"control",2,62,NA,"data/TP1/TANK11_Reflection__61__64.txt","TANK11_Reflection__61__64.txt",2026-06-11 15:07:21.77593,11,11
"111","JR-sid15-052026","JR's Ledge",2,"control",3,63,NA,"data/TP1/TANK11_Reflection__62__65.txt","TANK11_Reflection__62__65.txt",2026-06-11 15:07:40.475521,11,11
"112","JR-sid15-052026","JR's Ledge",2,"control",4,64,NA,"data/TP1/TANK11_Reflection__63__66.txt","TANK11_Reflection__63__66.txt",2026-06-11 15:08:39.643503,11,11
"113","JR-sid25-052026","JR's Ledge",2,"control",1,17,NA,"data/TP1/TANK11_Reflection__16__19.txt","TANK11_Reflection__16__19.txt",2026-06-11 14:43:57.440197,11,11
"114","JR-sid25-052026","JR's Ledge",2,"control",2,18,NA,"data/TP1/TANK11_Reflection__17__20.txt","TANK11_Reflection__17__20.txt",2026-06-11 14:44:06.663471,11,11
"115","JR-sid25-052026","JR's Ledge",2,"control",3,19,NA,"data/TP1/TANK11_Reflection__18__21.txt","TANK11_Reflection__18__21.txt",2026-06-11 14:44:16.121943,11,11
"116","JR-sid30-052026","JR's Ledge",2,"control",1,2,NA,"data/TP1/TANK11_Reflection__1__04.txt","TANK11_Reflection__1__04.txt",2026-06-11 14:34:28.116083,11,11
"117","JR-sid30-052026","JR's Ledge",2,"control",2,3,NA,"data/TP1/TANK11_Reflection__2__05.txt","TANK11_Reflection__2__05.txt",2026-06-11 14:35:02.909552,11,11
"118","JR-sid30-052026","JR's Ledge",2,"control",3,4,NA,"data/TP1/TANK11_Reflection__3__06.txt","TANK11_Reflection__3__06.txt",2026-06-11 14:35:14.341433,11,11
"119","REV-sid17-052026","Reverse Reef",2,"control",1,53,NA,"data/TP1/TANK11_Reflection__52__55.txt","TANK11_Reflection__52__55.txt",2026-06-11 15:02:31.221844,11,11
"120","REV-sid17-052026","Reverse Reef",2,"control",2,54,NA,"data/TP1/TANK11_Reflection__53__56.txt","TANK11_Reflection__53__56.txt",2026-06-11 15:02:42.415527,11,11
"121","REV-sid17-052026","Reverse Reef",2,"control",3,55,NA,"data/TP1/TANK11_Reflection__54__57.txt","TANK11_Reflection__54__57.txt",2026-06-11 15:02:55.275673,11,11
"122","REV-sid19-052026","Reverse Reef",2,"control",1,59,NA,"data/TP1/TANK11_Reflection__58__61.txt","TANK11_Reflection__58__61.txt",2026-06-11 15:05:42.957642,11,11
"123","REV-sid19-052026","Reverse Reef",2,"control",2,60,NA,"data/TP1/TANK11_Reflection__59__62.txt","TANK11_Reflection__59__62.txt",2026-06-11 15:05:51.948347,11,11
"124","REV-sid19-052026","Reverse Reef",2,"control",3,61,NA,"data/TP1/TANK11_Reflection__60__63.txt","TANK11_Reflection__60__63.txt",2026-06-11 15:06:02.15222,11,11
"125","REV-sid27-052026","Reverse Reef",2,"control",1,66,NA,"data/TP1/TANK11_Reflection__65__68.txt","TANK11_Reflection__65__68.txt",2026-06-11 15:12:36.990746,11,11
"126","REV-sid27-052026","Reverse Reef",2,"control",2,67,NA,"data/TP1/TANK11_Reflection__66__69.txt","TANK11_Reflection__66__69.txt",2026-06-11 15:14:41.169567,11,11
"127","REV-sid27-052026","Reverse Reef",2,"control",3,68,NA,"data/TP1/TANK11_Reflection__67__70.txt","TANK11_Reflection__67__70.txt",2026-06-11 15:15:04.796751,11,11
"128","URB-sid03-052826","Dodge Island",2,"control",1,20,NA,"data/TP1/TANK11_Reflection__19__22.txt","TANK11_Reflection__19__22.txt",2026-06-11 14:45:14.353294,11,11
"129","URB-sid03-052826","Dodge Island",2,"control",2,21,NA,"data/TP1/TANK11_Reflection__20__23.txt","TANK11_Reflection__20__23.txt",2026-06-11 14:45:24.090006,11,11
"130","URB-sid03-052826","Dodge Island",2,"control",3,22,NA,"data/TP1/TANK11_Reflection__21__24.txt","TANK11_Reflection__21__24.txt",2026-06-11 14:45:33.327105,11,11
"131","URB-sid24-052826","Dodge Island",2,"control",1,35,NA,"data/TP1/TANK11_Reflection__34__37.txt","TANK11_Reflection__34__37.txt",2026-06-11 14:53:31.916311,11,11
"132","URB-sid24-052826","Dodge Island",2,"control",2,36,NA,"data/TP1/TANK11_Reflection__35__38.txt","TANK11_Reflection__35__38.txt",2026-06-11 14:53:44.541412,11,11
"133","URB-sid24-052826","Dodge Island",2,"control",3,37,NA,"data/TP1/TANK11_Reflection__36__39.txt","TANK11_Reflection__36__39.txt",2026-06-11 14:53:50.369297,11,11
"134","URB-sid38-052826","Dodge Island",2,"control",1,8,NA,"data/TP1/TANK11_Reflection__7__10.txt","TANK11_Reflection__7__10.txt",2026-06-11 14:37:54.744366,11,11
"135","URB-sid38-052826","Dodge Island",2,"control",2,9,NA,"data/TP1/TANK11_Reflection__8__11.txt","TANK11_Reflection__8__11.txt",2026-06-11 14:38:18.775028,11,11
"136","URB-sid38-052826","Dodge Island",2,"control",3,10,NA,"data/TP1/TANK11_Reflection__9__12.txt","TANK11_Reflection__9__12.txt",2026-06-11 14:38:27.279013,11,11
"137","cave-ssid01-04162026","Caves",2,"control",1,44,NA,"data/TP1/TANK11_Reflection__43__46.txt","TANK11_Reflection__43__46.txt",2026-06-11 14:57:53.883333,11,11
"138","cave-ssid01-04162026","Caves",2,"control",2,45,NA,"data/TP1/TANK11_Reflection__44__47.txt","TANK11_Reflection__44__47.txt",2026-06-11 14:58:04.328426,11,11
"139","cave-ssid01-04162026","Caves",2,"control",3,46,NA,"data/TP1/TANK11_Reflection__45__48.txt","TANK11_Reflection__45__48.txt",2026-06-11 14:58:12.824869,11,11
"140","ftlb2-ssid04-03222026","BAR",2,"control",1,56,NA,"data/TP1/TANK11_Reflection__55__58.txt","TANK11_Reflection__55__58.txt",2026-06-11 15:04:43.826271,11,11
"141","ftlb2-ssid04-03222026","BAR",2,"control",2,57,NA,"data/TP1/TANK11_Reflection__56__59.txt","TANK11_Reflection__56__59.txt",2026-06-11 15:04:53.80261,11,11
"142","ftlb2-ssid04-03222026","BAR",2,"control",3,58,NA,"data/TP1/TANK11_Reflection__57__60.txt","TANK11_Reflection__57__60.txt",2026-06-11 15:05:05.235092,11,11
"143","ftlb2-ssid10-03222026","BAR",2,"control",1,78,NA,"data/TP1/TANK11_Reflection__77__80.txt","TANK11_Reflection__77__80.txt",2026-06-11 15:26:20.574368,11,11
"144","ftlb2-ssid10-03222026","BAR",2,"control",3,80,NA,"data/TP1/TANK11_Reflection__79__82.txt","TANK11_Reflection__79__82.txt",2026-06-11 15:26:56.297516,11,11
"145","ftlb2-ssid10-03222026","BAR",2,"control",4,81,NA,"data/TP1/TANK11_Reflection__80__83.txt","TANK11_Reflection__80__83.txt",2026-06-11 15:27:08.200171,11,11
"146","ftlb2-ssid18-03222026","BAR",2,"control",1,29,NA,"data/TP1/TANK11_Reflection__28__31.txt","TANK11_Reflection__28__31.txt",2026-06-11 14:49:39.189686,11,11
"147","ftlb2-ssid18-03222026","BAR",2,"control",2,30,NA,"data/TP1/TANK11_Reflection__29__32.txt","TANK11_Reflection__29__32.txt",2026-06-11 14:49:55.484369,11,11
"148","ftlb2-ssid18-03222026","BAR",2,"control",3,31,NA,"data/TP1/TANK11_Reflection__30__33.txt","TANK11_Reflection__30__33.txt",2026-06-11 14:50:16.158003,11,11
"149","sc-ssid09-04182026","South Canyon",2,"control",1,41,NA,"data/TP1/TANK11_Reflection__40__43.txt","TANK11_Reflection__40__43.txt",2026-06-11 14:56:47.064863,11,11
"150","sc-ssid09-04182026","South Canyon",2,"control",2,42,NA,"data/TP1/TANK11_Reflection__41__44.txt","TANK11_Reflection__41__44.txt",2026-06-11 14:57:00.688824,11,11
"151","sc-ssid09-04182026","South Canyon",2,"control",3,43,NA,"data/TP1/TANK11_Reflection__42__45.txt","TANK11_Reflection__42__45.txt",2026-06-11 14:57:09.185537,11,11
"152","sc-ssid27-04182026","South Canyon",2,"control",1,5,NA,"data/TP1/TANK11_Reflection__4__07.txt","TANK11_Reflection__4__07.txt",2026-06-11 14:35:54.520136,11,11
"153","sc-ssid27-04182026","South Canyon",2,"control",2,6,NA,"data/TP1/TANK11_Reflection__5__08.txt","TANK11_Reflection__5__08.txt",2026-06-11 14:36:08.356712,11,11
"154","sc-ssid27-04182026","South Canyon",2,"control",3,7,NA,"data/TP1/TANK11_Reflection__6__09.txt","TANK11_Reflection__6__09.txt",2026-06-11 14:36:16.626047,11,11
"155","skeleton_tank2",NA,2,"control",1,75,NA,"data/TP1/TANK11_Reflection__74__77.txt","TANK11_Reflection__74__77.txt",2026-06-11 15:20:41.583158,11,11
"156","skeleton_tank2",NA,2,"control",2,76,NA,"data/TP1/TANK11_Reflection__75__78.txt","TANK11_Reflection__75__78.txt",2026-06-11 15:21:28.379175,11,11
"157","skeleton_tank2",NA,2,"control",3,77,NA,"data/TP1/TANK11_Reflection__76__79.txt","TANK11_Reflection__76__79.txt",2026-06-11 15:21:38.092766,11,11
"158","spectralon_tank2",NA,2,"control",1,1,NA,"data/TP1/TANK11_Reflection__0__03.txt","TANK11_Reflection__0__03.txt",2026-06-11 14:33:05.35618,11,11
"159","DB-sid15-051426","Dania",3,"+2C",1,5,NA,"data/TP1/TANK3_Reflection__4__16-01-03-535.txt","TANK3_Reflection__4__16-01-03-535.txt",2026-06-11 16:01:03.5378,3,3
"160","DB-sid15-051426","Dania",3,"+2C",2,6,NA,"data/TP1/TANK3_Reflection__5__16-01-16-848.txt","TANK3_Reflection__5__16-01-16-848.txt",2026-06-11 16:01:16.850157,3,3
"161","DB-sid15-051426","Dania",3,"+2C",3,7,NA,"data/TP1/TANK3_Reflection__6__16-01-29-279.txt","TANK3_Reflection__6__16-01-29-279.txt",2026-06-11 16:01:29.280056,3,3
"162","DB-sid28-051426","Dania",3,"+2C",1,63,NA,"data/TP1/TANK3_Reflection__62__17-00-47-044.txt","TANK3_Reflection__62__17-00-47-044.txt",2026-06-11 17:00:47.045958,3,3
"163","DB-sid28-051426","Dania",3,"+2C",2,64,NA,"data/TP1/TANK3_Reflection__63__17-00-59-056.txt","TANK3_Reflection__63__17-00-59-056.txt",2026-06-11 17:00:59.057905,3,3
"164","DB-sid28-051426","Dania",3,"+2C",3,65,NA,"data/TP1/TANK3_Reflection__64__17-01-10-885.txt","TANK3_Reflection__64__17-01-10-885.txt",2026-06-11 17:01:10.886229,3,3
"165","EMERALD-sid04-052026","Emerald Reef",3,"+2C",1,8,NA,"data/TP1/TANK3_Reflection__7__16-03-43-716.txt","TANK3_Reflection__7__16-03-43-716.txt",2026-06-11 16:03:43.717384,3,3
"166","EMERALD-sid04-052026","Emerald Reef",3,"+2C",2,9,NA,"data/TP1/TANK3_Reflection__8__16-03-58-111.txt","TANK3_Reflection__8__16-03-58-111.txt",2026-06-11 16:03:58.112553,3,3
"167","EMERALD-sid04-052026","Emerald Reef",3,"+2C",4,11,NA,"data/TP1/TANK3_Reflection__10__16-04-39-940.txt","TANK3_Reflection__10__16-04-39-940.txt",2026-06-11 16:04:39.941574,3,3
"168","EMERALD-sid06-052026","Emerald Reef",3,"+2C",1,2,NA,"data/TP1/TANK3_Reflection__1__15-59-21-099.txt","TANK3_Reflection__1__15-59-21-099.txt",2026-06-11 15:59:21.100075,3,3
"169","EMERALD-sid06-052026","Emerald Reef",3,"+2C",2,3,NA,"data/TP1/TANK3_Reflection__2__15-59-40-900.txt","TANK3_Reflection__2__15-59-40-900.txt",2026-06-11 15:59:40.904388,3,3
"170","EMERALD-sid06-052026","Emerald Reef",3,"+2C",3,4,NA,"data/TP1/TANK3_Reflection__3__15-59-57-897.txt","TANK3_Reflection__3__15-59-57-897.txt",2026-06-11 15:59:57.898916,3,3
"171","EMERALD-sid08-052026","Emerald Reef",3,"+2C",1,18,NA,"data/TP1/TANK3_Reflection__17__16-12-05-831.txt","TANK3_Reflection__17__16-12-05-831.txt",2026-06-11 16:12:05.832279,3,3
"172","EMERALD-sid08-052026","Emerald Reef",3,"+2C",2,19,NA,"data/TP1/TANK3_Reflection__18__16-12-18-715.txt","TANK3_Reflection__18__16-12-18-715.txt",2026-06-11 16:12:18.716461,3,3
"173","EMERALD-sid08-052026","Emerald Reef",3,"+2C",3,20,NA,"data/TP1/TANK3_Reflection__19__16-12-37-740.txt","TANK3_Reflection__19__16-12-37-740.txt",2026-06-11 16:12:37.741625,3,3
"174","GRA-sid11-051426","Graceland",3,"+2C",1,21,NA,"data/TP1/TANK3_Reflection__20__16-15-14-665.txt","TANK3_Reflection__20__16-15-14-665.txt",2026-06-11 16:15:14.666847,3,3
"175","GRA-sid11-051426","Graceland",3,"+2C",2,22,NA,"data/TP1/TANK3_Reflection__21__16-15-47-924.txt","TANK3_Reflection__21__16-15-47-924.txt",2026-06-11 16:15:47.925875,3,3
"176","GRA-sid11-051426","Graceland",3,"+2C",3,23,NA,"data/TP1/TANK3_Reflection__22__16-15-58-614.txt","TANK3_Reflection__22__16-15-58-614.txt",2026-06-11 16:15:58.615879,3,3
"177","GRA-sid25-051426","Graceland",3,"+2C",1,60,NA,"data/TP1/TANK3_Reflection__59__16-53-23-473.txt","TANK3_Reflection__59__16-53-23-473.txt",2026-06-11 16:53:23.474499,3,3
"178","GRA-sid25-051426","Graceland",3,"+2C",2,61,NA,"data/TP1/TANK3_Reflection__60__16-54-54-040.txt","TANK3_Reflection__60__16-54-54-040.txt",2026-06-11 16:54:54.041447,3,3
"179","GRA-sid25-051426","Graceland",3,"+2C",3,62,NA,"data/TP1/TANK3_Reflection__61__16-55-09-519.txt","TANK3_Reflection__61__16-55-09-519.txt",2026-06-11 16:55:09.52095,3,3
"180","GRA-sid28-051426","Graceland",3,"+2C",1,15,NA,"data/TP1/TANK3_Reflection__14__16-06-23-518.txt","TANK3_Reflection__14__16-06-23-518.txt",2026-06-11 16:06:23.519705,3,3
"181","GRA-sid28-051426","Graceland",3,"+2C",2,16,NA,"data/TP1/TANK3_Reflection__15__16-06-35-326.txt","TANK3_Reflection__15__16-06-35-326.txt",2026-06-11 16:06:35.327768,3,3
"182","GRA-sid28-051426","Graceland",3,"+2C",3,17,NA,"data/TP1/TANK3_Reflection__16__16-06-46-816.txt","TANK3_Reflection__16__16-06-46-816.txt",2026-06-11 16:06:46.82387,3,3
"183","HB-sid05-051426","Hollywood",3,"+2C",1,75,NA,"data/TP1/TANK3_Reflection__9__09.txt","TANK3_Reflection__9__09.txt",2026-06-11 17:21:53.800385,3,3
"184","HB-sid05-051426","Hollywood",3,"+2C",2,76,NA,"data/TP1/TANK3_Reflection__10__10.txt","TANK3_Reflection__10__10.txt",2026-06-11 17:22:05.186777,3,3
"185","HB-sid05-051426","Hollywood",3,"+2C",3,77,NA,"data/TP1/TANK3_Reflection__11__11.txt","TANK3_Reflection__11__11.txt",2026-06-11 17:22:30.890099,3,3
"186","JR-sid29-052026","JR's Ledge",3,"+2C",1,54,NA,"data/TP1/TANK3_Reflection__53__16-39-02-879.txt","TANK3_Reflection__53__16-39-02-879.txt",2026-06-11 16:39:02.880219,3,3
"187","JR-sid29-052026","JR's Ledge",3,"+2C",2,55,NA,"data/TP1/TANK3_Reflection__54__16-39-15-663.txt","TANK3_Reflection__54__16-39-15-663.txt",2026-06-11 16:39:15.675329,3,3
"188","JR-sid29-052026","JR's Ledge",3,"+2C",3,56,NA,"data/TP1/TANK3_Reflection__55__16-39-26-082.txt","TANK3_Reflection__55__16-39-26-082.txt",2026-06-11 16:39:26.084982,3,3
"189","JR-sid35-052026","JR's Ledge",3,"+2C",1,51,NA,"data/TP1/TANK3_Reflection__50__16-37-22-333.txt","TANK3_Reflection__50__16-37-22-333.txt",2026-06-11 16:37:22.334433,3,3
"190","JR-sid35-052026","JR's Ledge",3,"+2C",2,52,NA,"data/TP1/TANK3_Reflection__51__16-37-38-246.txt","TANK3_Reflection__51__16-37-38-246.txt",2026-06-11 16:37:38.247225,3,3
"191","JR-sid35-052026","JR's Ledge",3,"+2C",3,53,NA,"data/TP1/TANK3_Reflection__52__16-37-49-507.txt","TANK3_Reflection__52__16-37-49-507.txt",2026-06-11 16:37:49.509111,3,3
"192","REV-sid28-052026","Reverse Reef",3,"+2C",1,24,NA,"data/TP1/TANK3_Reflection__23__16-18-07-694.txt","TANK3_Reflection__23__16-18-07-694.txt",2026-06-11 16:18:07.695553,3,3
"193","REV-sid28-052026","Reverse Reef",3,"+2C",2,25,NA,"data/TP1/TANK3_Reflection__24__16-18-18-972.txt","TANK3_Reflection__24__16-18-18-972.txt",2026-06-11 16:18:18.973993,3,3
"194","REV-sid28-052026","Reverse Reef",3,"+2C",3,26,NA,"data/TP1/TANK3_Reflection__25__16-18-32-446.txt","TANK3_Reflection__25__16-18-32-446.txt",2026-06-11 16:18:32.447052,3,3
"195","REV-sid30-052026","Reverse Reef",3,"+2C",1,48,NA,"data/TP1/TANK3_Reflection__47__16-35-08-267.txt","TANK3_Reflection__47__16-35-08-267.txt",2026-06-11 16:35:08.268164,3,3
"196","REV-sid30-052026","Reverse Reef",3,"+2C",2,49,NA,"data/TP1/TANK3_Reflection__48__16-36-19-480.txt","TANK3_Reflection__48__16-36-19-480.txt",2026-06-11 16:36:19.481489,3,3
"197","REV-sid30-052026","Reverse Reef",3,"+2C",3,50,NA,"data/TP1/TANK3_Reflection__49__16-36-34-495.txt","TANK3_Reflection__49__16-36-34-495.txt",2026-06-11 16:36:34.497654,3,3
"198","REV-sid35-052026","Reverse Reef",3,"+2C",1,12,NA,"data/TP1/TANK3_Reflection__11__16-05-18-831.txt","TANK3_Reflection__11__16-05-18-831.txt",2026-06-11 16:05:18.832523,3,3
"199","REV-sid35-052026","Reverse Reef",3,"+2C",2,13,NA,"data/TP1/TANK3_Reflection__12__16-05-30-855.txt","TANK3_Reflection__12__16-05-30-855.txt",2026-06-11 16:05:30.856831,3,3
"200","REV-sid35-052026","Reverse Reef",3,"+2C",3,14,NA,"data/TP1/TANK3_Reflection__13__16-05-42-153.txt","TANK3_Reflection__13__16-05-42-153.txt",2026-06-11 16:05:42.154762,3,3
"201","URB-sid27-052826","Dodge Island",3,"+2C",1,39,NA,"data/TP1/TANK3_Reflection__38__16-29-58-365.txt","TANK3_Reflection__38__16-29-58-365.txt",2026-06-11 16:29:58.366386,3,3
"202","URB-sid27-052826","Dodge Island",3,"+2C",2,40,NA,"data/TP1/TANK3_Reflection__39__16-30-20-925.txt","TANK3_Reflection__39__16-30-20-925.txt",2026-06-11 16:30:20.926262,3,3
"203","URB-sid27-052826","Dodge Island",3,"+2C",3,41,NA,"data/TP1/TANK3_Reflection__40__16-30-32-415.txt","TANK3_Reflection__40__16-30-32-415.txt",2026-06-11 16:30:32.416496,3,3
"204","URB-sid28-052826","Dodge Island",3,"+2C",1,33,NA,"data/TP1/TANK3_Reflection__32__16-24-44-244.txt","TANK3_Reflection__32__16-24-44-244.txt",2026-06-11 16:24:44.245237,3,3
"205","URB-sid28-052826","Dodge Island",3,"+2C",2,34,NA,"data/TP1/TANK3_Reflection__33__16-24-55-896.txt","TANK3_Reflection__33__16-24-55-896.txt",2026-06-11 16:24:55.897623,3,3
"206","URB-sid28-052826","Dodge Island",3,"+2C",3,35,NA,"data/TP1/TANK3_Reflection__34__16-25-06-605.txt","TANK3_Reflection__34__16-25-06-605.txt",2026-06-11 16:25:06.60693,3,3
"207","URB-sid30-052826","Dodge Island",3,"+2C",1,57,NA,"data/TP1/TANK3_Reflection__56__16-43-22-538.txt","TANK3_Reflection__56__16-43-22-538.txt",2026-06-11 16:43:22.539829,3,3
"208","URB-sid30-052826","Dodge Island",3,"+2C",2,58,NA,"data/TP1/TANK3_Reflection__57__16-43-36-007.txt","TANK3_Reflection__57__16-43-36-007.txt",2026-06-11 16:43:36.008566,3,3
"209","URB-sid30-052826","Dodge Island",3,"+2C",3,59,NA,"data/TP1/TANK3_Reflection__58__16-43-47-115.txt","TANK3_Reflection__58__16-43-47-115.txt",2026-06-11 16:43:47.11652,3,3
"210","cave-ssid03-04162026","Caves",3,"+2C",1,42,NA,"data/TP1/TANK3_Reflection__41__16-32-39-129.txt","TANK3_Reflection__41__16-32-39-129.txt",2026-06-11 16:32:39.130529,3,3
"211","cave-ssid03-04162026","Caves",3,"+2C",2,43,NA,"data/TP1/TANK3_Reflection__42__16-32-54-639.txt","TANK3_Reflection__42__16-32-54-639.txt",2026-06-11 16:32:54.641956,3,3
"212","cave-ssid03-04162026","Caves",3,"+2C",3,44,NA,"data/TP1/TANK3_Reflection__43__16-33-09-105.txt","TANK3_Reflection__43__16-33-09-105.txt",2026-06-11 16:33:09.107073,3,3
"213","cave-ssid13-04162026","Caves",3,"+2C",1,45,NA,"data/TP1/TANK3_Reflection__44__16-34-06-558.txt","TANK3_Reflection__44__16-34-06-558.txt",2026-06-11 16:34:06.559624,3,3
"214","cave-ssid13-04162026","Caves",3,"+2C",2,46,NA,"data/TP1/TANK3_Reflection__45__16-34-21-732.txt","TANK3_Reflection__45__16-34-21-732.txt",2026-06-11 16:34:21.733141,3,3
"215","cave-ssid13-04162026","Caves",3,"+2C",3,47,NA,"data/TP1/TANK3_Reflection__46__16-34-32-821.txt","TANK3_Reflection__46__16-34-32-821.txt",2026-06-11 16:34:32.822008,3,3
"216","cave-ssid24-04162026","Caves",3,"+2C",1,66,NA,"data/TP1/TANK3_Reflection__0__00.txt","TANK3_Reflection__0__00.txt",2026-06-11 17:08:22.463902,3,3
"217","cave-ssid24-04162026","Caves",3,"+2C",2,67,NA,"data/TP1/TANK3_Reflection__1__01.txt","TANK3_Reflection__1__01.txt",2026-06-11 17:10:40.248924,3,3
"218","cave-ssid24-04162026","Caves",3,"+2C",3,68,NA,"data/TP1/TANK3_Reflection__2__02.txt","TANK3_Reflection__2__02.txt",2026-06-11 17:11:55.982922,3,3
"219","ftlb2-ssid03-03222026","BAR",3,"+2C",1,27,NA,"data/TP1/TANK3_Reflection__26__16-20-20-694.txt","TANK3_Reflection__26__16-20-20-694.txt",2026-06-11 16:20:20.697592,3,3
"220","ftlb2-ssid03-03222026","BAR",3,"+2C",2,28,NA,"data/TP1/TANK3_Reflection__27__16-20-34-781.txt","TANK3_Reflection__27__16-20-34-781.txt",2026-06-11 16:20:34.783224,3,3
"221","ftlb2-ssid03-03222026","BAR",3,"+2C",3,29,NA,"data/TP1/TANK3_Reflection__28__16-20-47-710.txt","TANK3_Reflection__28__16-20-47-710.txt",2026-06-11 16:20:47.713638,3,3
"222","ftlb2-ssid08-03222026","BAR",3,"+2C",1,72,NA,"data/TP1/TANK3_Reflection__6__06.txt","TANK3_Reflection__6__06.txt",2026-06-11 17:17:48.755987,3,3
"223","ftlb2-ssid08-03222026","BAR",3,"+2C",2,73,NA,"data/TP1/TANK3_Reflection__7__07.txt","TANK3_Reflection__7__07.txt",2026-06-11 17:18:03.489975,3,3
"224","ftlb2-ssid08-03222026","BAR",3,"+2C",3,74,NA,"data/TP1/TANK3_Reflection__8__08.txt","TANK3_Reflection__8__08.txt",2026-06-11 17:18:15.430367,3,3
"225","ftlb2-ssid12-03222026","BAR",3,"+2C",1,30,NA,"data/TP1/TANK3_Reflection__29__16-22-17-427.txt","TANK3_Reflection__29__16-22-17-427.txt",2026-06-11 16:22:17.430033,3,3
"226","ftlb2-ssid12-03222026","BAR",3,"+2C",2,31,NA,"data/TP1/TANK3_Reflection__30__16-22-29-794.txt","TANK3_Reflection__30__16-22-29-794.txt",2026-06-11 16:22:29.795387,3,3
"227","ftlb2-ssid12-03222026","BAR",3,"+2C",3,32,NA,"data/TP1/TANK3_Reflection__31__16-22-43-879.txt","TANK3_Reflection__31__16-22-43-879.txt",2026-06-11 16:22:43.880363,3,3
"228","sc-ssid10-04182026","South Canyon",3,"+2C",1,36,NA,"data/TP1/TANK3_Reflection__35__16-25-57-768.txt","TANK3_Reflection__35__16-25-57-768.txt",2026-06-11 16:25:57.769913,3,3
"229","sc-ssid10-04182026","South Canyon",3,"+2C",2,37,NA,"data/TP1/TANK3_Reflection__36__16-26-12-737.txt","TANK3_Reflection__36__16-26-12-737.txt",2026-06-11 16:26:12.738352,3,3
"230","sc-ssid10-04182026","South Canyon",3,"+2C",3,38,NA,"data/TP1/TANK3_Reflection__37__16-26-23-812.txt","TANK3_Reflection__37__16-26-23-812.txt",2026-06-11 16:26:23.813734,3,3
"231","sc-ssid13-04182026","South Canyon",3,"+2C",1,69,NA,"data/TP1/TANK3_Reflection__3__03.txt","TANK3_Reflection__3__03.txt",2026-06-11 17:13:48.459284,3,3
"232","sc-ssid13-04182026","South Canyon",3,"+2C",2,70,NA,"data/TP1/TANK3_Reflection__4__04.txt","TANK3_Reflection__4__04.txt",2026-06-11 17:13:58.649361,3,3
"233","sc-ssid13-04182026","South Canyon",3,"+2C",3,71,NA,"data/TP1/TANK3_Reflection__5__05.txt","TANK3_Reflection__5__05.txt",2026-06-11 17:14:20.960669,3,3
"234","skeleton_tank3",NA,3,"+2C",1,NA,"None found",NA,NA,NA,NA,NA
"235","skeleton_tank3",NA,3,"+2C",2,NA,"None found",NA,NA,NA,NA,NA
"236","skeleton_tank3",NA,3,"+2C",3,NA,"None found",NA,NA,NA,NA,NA
"237","spectralon_tank3",NA,3,"+2C",1,1,NA,"data/TP1/TANK3_Reflection__0__15-55-46-710.txt","TANK3_Reflection__0__15-55-46-710.txt",2026-06-11 15:55:46.714285,3,3
"238","DB-sid02-051426","Dania",4,"+4C",1,8,NA,"data/TP1/TANK4_Reflection__7__07.txt","TANK4_Reflection__7__07.txt",2026-06-11 18:08:51.52352,4,4
"239","DB-sid02-051426","Dania",4,"+4C",2,9,NA,"data/TP1/TANK4_Reflection__8__08.txt","TANK4_Reflection__8__08.txt",2026-06-11 18:09:15.602467,4,4
"240","DB-sid02-051426","Dania",4,"+4C",3,10,NA,"data/TP1/TANK4_Reflection__9__09.txt","TANK4_Reflection__9__09.txt",2026-06-11 18:09:38.983927,4,4
"241","DB-sid19-051426","Dania",4,"+4C",1,34,NA,"data/TP1/TANK4_Reflection__33__33.txt","TANK4_Reflection__33__33.txt",2026-06-11 18:28:05.066748,4,4
"242","DB-sid19-051426","Dania",4,"+4C",2,35,NA,"data/TP1/TANK4_Reflection__34__34.txt","TANK4_Reflection__34__34.txt",2026-06-11 18:28:33.178066,4,4
"243","DB-sid19-051426","Dania",4,"+4C",3,36,NA,"data/TP1/TANK4_Reflection__35__35.txt","TANK4_Reflection__35__35.txt",2026-06-11 18:28:49.23234,4,4
"244","EMERALD-sid13-052026","Emerald Reef",4,"+4C",1,66,NA,"data/TP1/TANK4_Reflection__65__65.txt","TANK4_Reflection__65__65.txt",2026-06-11 18:51:30.49453,4,4
"245","EMERALD-sid13-052026","Emerald Reef",4,"+4C",2,67,NA,"data/TP1/TANK4_Reflection__66__66.txt","TANK4_Reflection__66__66.txt",2026-06-11 18:51:49.846483,4,4
"246","EMERALD-sid13-052026","Emerald Reef",4,"+4C",3,68,NA,"data/TP1/TANK4_Reflection__67__67.txt","TANK4_Reflection__67__67.txt",2026-06-11 18:52:36.180716,4,4
"247","EMERALD-sid15-052026","Emerald Reef",4,"+4C",1,77,NA,"data/TP1/TANK4_Reflection__76__76.txt","TANK4_Reflection__76__76.txt",2026-06-11 18:58:52.791018,4,4
"248","EMERALD-sid15-052026","Emerald Reef",4,"+4C",2,78,NA,"data/TP1/TANK4_Reflection__77__77.txt","TANK4_Reflection__77__77.txt",2026-06-11 19:00:40.908905,4,4
"249","EMERALD-sid15-052026","Emerald Reef",4,"+4C",3,79,NA,"data/TP1/TANK4_Reflection__78__78.txt","TANK4_Reflection__78__78.txt",2026-06-11 19:01:15.159594,4,4
"250","EMERALD-sid37-052026","Emerald Reef",4,"+4C",1,24,NA,"data/TP1/TANK4_Reflection__23__23.txt","TANK4_Reflection__23__23.txt",2026-06-11 18:21:09.890251,4,4
"251","EMERALD-sid37-052026","Emerald Reef",4,"+4C",2,25,NA,"data/TP1/TANK4_Reflection__24__24.txt","TANK4_Reflection__24__24.txt",2026-06-11 18:21:22.665676,4,4
"252","EMERALD-sid37-052026","Emerald Reef",4,"+4C",3,26,NA,"data/TP1/TANK4_Reflection__25__25.txt","TANK4_Reflection__25__25.txt",2026-06-11 18:21:40.203341,4,4
"253","GRA-sid09-051426","Graceland",4,"+4C",1,47,NA,"data/TP1/TANK4_Reflection__46__46.txt","TANK4_Reflection__46__46.txt",2026-06-11 18:35:35.183535,4,4
"254","GRA-sid09-051426","Graceland",4,"+4C",2,48,NA,"data/TP1/TANK4_Reflection__47__47.txt","TANK4_Reflection__47__47.txt",2026-06-11 18:35:47.972956,4,4
"255","GRA-sid09-051426","Graceland",4,"+4C",3,49,NA,"data/TP1/TANK4_Reflection__48__48.txt","TANK4_Reflection__48__48.txt",2026-06-11 18:35:59.645908,4,4
"256","GRA-sid15-051426","Graceland",4,"+4C",1,NA,"Missing",NA,NA,NA,NA,NA
"257","GRA-sid15-051426","Graceland",4,"+4C",2,NA,"Missing",NA,NA,NA,NA,NA
"258","GRA-sid15-051426","Graceland",4,"+4C",3,NA,"Missing",NA,NA,NA,NA,NA
"259","GRA-sid21-051426","Graceland",4,"+4C",1,14,NA,"data/TP1/TANK4_Reflection__13__13.txt","TANK4_Reflection__13__13.txt",2026-06-11 18:12:41.12924,4,4
"260","GRA-sid21-051426","Graceland",4,"+4C",2,15,NA,"data/TP1/TANK4_Reflection__14__14.txt","TANK4_Reflection__14__14.txt",2026-06-11 18:12:58.312611,4,4
"261","GRA-sid21-051426","Graceland",4,"+4C",3,16,NA,"data/TP1/TANK4_Reflection__15__15.txt","TANK4_Reflection__15__15.txt",2026-06-11 18:13:16.581017,4,4
"262","HB-sid04-051426","Hollywood",4,"+4C",2,40,NA,"data/TP1/TANK4_Reflection__39__39.txt","TANK4_Reflection__39__39.txt",2026-06-11 18:30:39.378963,4,4
"263","HB-sid04-051426","Hollywood",4,"+4C",3,41,NA,"data/TP1/TANK4_Reflection__40__40.txt","TANK4_Reflection__40__40.txt",2026-06-11 18:30:56.184566,4,4
"264","HB-sid04-051426","Hollywood",4,"+4C",4,42,NA,"data/TP1/TANK4_Reflection__41__41.txt","TANK4_Reflection__41__41.txt",2026-06-11 18:31:40.713217,4,4
"265","JR-sid10-052026","JR's Ledge",4,"+4C",1,2,NA,"data/TP1/TANK4_Reflection__1__01.txt","TANK4_Reflection__1__01.txt",2026-06-11 18:06:03.763119,4,4
"266","JR-sid10-052026","JR's Ledge",4,"+4C",2,3,NA,"data/TP1/TANK4_Reflection__2__02.txt","TANK4_Reflection__2__02.txt",2026-06-11 18:06:17.973169,4,4
"267","JR-sid10-052026","JR's Ledge",4,"+4C",3,4,NA,"data/TP1/TANK4_Reflection__3__03.txt","TANK4_Reflection__3__03.txt",2026-06-11 18:06:29.280128,4,4
"268","JR-sid28-052026","JR's Ledge",4,"+4C",1,63,NA,"data/TP1/TANK4_Reflection__62__62.txt","TANK4_Reflection__62__62.txt",2026-06-11 18:47:39.996183,4,4
"269","JR-sid28-052026","JR's Ledge",4,"+4C",2,64,NA,"data/TP1/TANK4_Reflection__63__63.txt","TANK4_Reflection__63__63.txt",2026-06-11 18:48:03.018423,4,4
"270","JR-sid28-052026","JR's Ledge",4,"+4C",3,65,NA,"data/TP1/TANK4_Reflection__64__64.txt","TANK4_Reflection__64__64.txt",2026-06-11 18:48:15.422581,4,4
"271","REV-sid04-052026","Reverse Reef",4,"+4C",1,69,NA,"data/TP1/TANK4_Reflection__68__68.txt","TANK4_Reflection__68__68.txt",2026-06-11 18:55:26.876188,4,4
"272","REV-sid04-052026","Reverse Reef",4,"+4C",3,71,NA,"data/TP1/TANK4_Reflection__70__70.txt","TANK4_Reflection__70__70.txt",2026-06-11 18:56:12.178047,4,4
"273","REV-sid04-052026","Reverse Reef",4,"+4C",4,72,NA,"data/TP1/TANK4_Reflection__71__71.txt","TANK4_Reflection__71__71.txt",2026-06-11 18:56:58.214905,4,4
"274","REV-sid07-052026","Reverse Reef",4,"+4C",2,74,NA,"data/TP1/TANK4_Reflection__73__73.txt","TANK4_Reflection__73__73.txt",2026-06-11 18:57:42.740616,4,4
"275","REV-sid07-052026","Reverse Reef",4,"+4C",3,75,NA,"data/TP1/TANK4_Reflection__74__74.txt","TANK4_Reflection__74__74.txt",2026-06-11 18:58:04.650391,4,4
"276","REV-sid07-052026","Reverse Reef",4,"+4C",4,76,NA,"data/TP1/TANK4_Reflection__75__75.txt","TANK4_Reflection__75__75.txt",2026-06-11 18:58:29.082409,4,4
"277","REV-sid08-052026","Reverse Reef",4,"+4C",1,50,NA,"data/TP1/TANK4_Reflection__49__49.txt","TANK4_Reflection__49__49.txt",2026-06-11 18:36:58.070915,4,4
"278","REV-sid08-052026","Reverse Reef",4,"+4C",2,51,NA,"data/TP1/TANK4_Reflection__50__50.txt","TANK4_Reflection__50__50.txt",2026-06-11 18:37:15.980141,4,4
"279","REV-sid08-052026","Reverse Reef",4,"+4C",3,52,NA,"data/TP1/TANK4_Reflection__51__51.txt","TANK4_Reflection__51__51.txt",2026-06-11 18:37:29.127483,4,4
"280","URB-sid05-052826","Dodge Island",4,"+4C",1,17,NA,"data/TP1/TANK4_Reflection__16__16.txt","TANK4_Reflection__16__16.txt",2026-06-11 18:14:36.620239,4,4
"281","URB-sid05-052826","Dodge Island",4,"+4C",2,18,NA,"data/TP1/TANK4_Reflection__17__17.txt","TANK4_Reflection__17__17.txt",2026-06-11 18:14:50.123526,4,4
"282","URB-sid05-052826","Dodge Island",4,"+4C",4,20,NA,"data/TP1/TANK4_Reflection__19__19.txt","TANK4_Reflection__19__19.txt",2026-06-11 18:15:32.845421,4,4
"283","URB-sid21-052826","Dodge Island",4,"+4C",1,29,"Skip","data/TP1/TANK4_Reflection__28__28.txt","TANK4_Reflection__28__28.txt",2026-06-11 18:23:16.592802,4,4
"284","URB-sid21-052826","Dodge Island",4,"+4C",2,31,NA,"data/TP1/TANK4_Reflection__30__30.txt","TANK4_Reflection__30__30.txt",2026-06-11 18:25:40.030119,4,4
"285","URB-sid21-052826","Dodge Island",4,"+4C",3,32,NA,"data/TP1/TANK4_Reflection__31__31.txt","TANK4_Reflection__31__31.txt",2026-06-11 18:25:54.993303,4,4
"286","URB-sid21-052826","Dodge Island",4,"+4C",4,33,NA,"data/TP1/TANK4_Reflection__32__32.txt","TANK4_Reflection__32__32.txt",2026-06-11 18:26:23.117746,4,4
"287","URB-sid40-052826","Dodge Island",4,"+4C",1,37,NA,"data/TP1/TANK4_Reflection__36__36.txt","TANK4_Reflection__36__36.txt",2026-06-11 18:29:25.356981,4,4
"288","URB-sid40-052826","Dodge Island",4,"+4C",2,38,NA,"data/TP1/TANK4_Reflection__37__37.txt","TANK4_Reflection__37__37.txt",2026-06-11 18:29:42.868799,4,4
"289","URB-sid40-052826","Dodge Island",4,"+4C",3,39,NA,"data/TP1/TANK4_Reflection__38__38.txt","TANK4_Reflection__38__38.txt",2026-06-11 18:30:13.46373,4,4
"290","cave-ssid11-04162026","Caves",4,"+4C",2,60,NA,"data/TP1/TANK4_Reflection__59__59.txt","TANK4_Reflection__59__59.txt",2026-06-11 18:43:50.796696,4,4
"291","cave-ssid11-04162026","Caves",4,"+4C",3,61,NA,"data/TP1/TANK4_Reflection__60__60.txt","TANK4_Reflection__60__60.txt",2026-06-11 18:44:19.985699,4,4
"292","cave-ssid11-04162026","Caves",4,"+4C",4,62,NA,"data/TP1/TANK4_Reflection__61__61.txt","TANK4_Reflection__61__61.txt",2026-06-11 18:44:33.850033,4,4
"293","cave-ssid21-04162026","Caves",4,"+4C",1,44,NA,"data/TP1/TANK4_Reflection__43__43.txt","TANK4_Reflection__43__43.txt",2026-06-11 18:32:38.384508,4,4
"294","cave-ssid21-04162026","Caves",4,"+4C",2,45,NA,"data/TP1/TANK4_Reflection__44__44.txt","TANK4_Reflection__44__44.txt",2026-06-11 18:34:25.78841,4,4
"295","cave-ssid21-04162026","Caves",4,"+4C",3,46,NA,"data/TP1/TANK4_Reflection__45__45.txt","TANK4_Reflection__45__45.txt",2026-06-11 18:35:06.338919,4,4
"296","cave-ssid23-04162026","Caves",4,"+4C",1,21,NA,"data/TP1/TANK4_Reflection__20__20.txt","TANK4_Reflection__20__20.txt",2026-06-11 18:19:35.078394,4,4
"297","cave-ssid23-04162026","Caves",4,"+4C",2,22,NA,"data/TP1/TANK4_Reflection__21__21.txt","TANK4_Reflection__21__21.txt",2026-06-11 18:19:49.246473,4,4
"298","cave-ssid23-04162026","Caves",4,"+4C",3,23,NA,"data/TP1/TANK4_Reflection__22__22.txt","TANK4_Reflection__22__22.txt",2026-06-11 18:20:03.433147,4,4
"299","ftlb1-ssid03-03232026","BAR",4,"+4C",1,53,NA,"data/TP1/TANK4_Reflection__52__52.txt","TANK4_Reflection__52__52.txt",2026-06-11 18:38:13.703108,4,4
"300","ftlb1-ssid03-03232026","BAR",4,"+4C",2,54,NA,"data/TP1/TANK4_Reflection__53__53.txt","TANK4_Reflection__53__53.txt",2026-06-11 18:38:27.952354,4,4
"301","ftlb1-ssid03-03232026","BAR",4,"+4C",3,55,NA,"data/TP1/TANK4_Reflection__54__54.txt","TANK4_Reflection__54__54.txt",2026-06-11 18:38:54.647896,4,4
"302","ftlb2-ssid09-03222026","BAR",4,"+4C",1,56,NA,"data/TP1/TANK4_Reflection__55__55.txt","TANK4_Reflection__55__55.txt",2026-06-11 18:40:49.050865,4,4
"303","ftlb2-ssid09-03222026","BAR",4,"+4C",2,57,NA,"data/TP1/TANK4_Reflection__56__56.txt","TANK4_Reflection__56__56.txt",2026-06-11 18:41:23.709629,4,4
"304","ftlb2-ssid09-03222026","BAR",4,"+4C",3,58,NA,"data/TP1/TANK4_Reflection__57__57.txt","TANK4_Reflection__57__57.txt",2026-06-11 18:41:41.243242,4,4
"305","ftlb2-ssid17-03222026","BAR",4,"+4C",1,27,NA,"data/TP1/TANK4_Reflection__26__26.txt","TANK4_Reflection__26__26.txt",2026-06-11 18:22:47.019873,4,4
"306","ftlb2-ssid17-03222026","BAR",4,"+4C",2,28,NA,"data/TP1/TANK4_Reflection__27__27.txt","TANK4_Reflection__27__27.txt",2026-06-11 18:23:00.535482,4,4
"307","ftlb2-ssid17-03222026","BAR",4,"+4C",3,29,NA,"data/TP1/TANK4_Reflection__28__28.txt","TANK4_Reflection__28__28.txt",2026-06-11 18:23:16.592802,4,4
"308","sc-ssid06-04182026","South Canyon",4,"+4C",1,5,NA,"data/TP1/TANK4_Reflection__4__04.txt","TANK4_Reflection__4__04.txt",2026-06-11 18:06:58.886896,4,4
"309","sc-ssid06-04182026","South Canyon",4,"+4C",2,6,NA,"data/TP1/TANK4_Reflection__5__05.txt","TANK4_Reflection__5__05.txt",2026-06-11 18:07:12.392391,4,4
"310","sc-ssid06-04182026","South Canyon",4,"+4C",3,7,NA,"data/TP1/TANK4_Reflection__6__06.txt","TANK4_Reflection__6__06.txt",2026-06-11 18:07:26.264521,4,4
"311","sc-ssid24-04182026","South Canyon",4,"+4C",1,11,NA,"data/TP1/TANK4_Reflection__10__10.txt","TANK4_Reflection__10__10.txt",2026-06-11 18:10:47.398945,4,4
"312","sc-ssid24-04182026","South Canyon",4,"+4C",2,12,NA,"data/TP1/TANK4_Reflection__11__11.txt","TANK4_Reflection__11__11.txt",2026-06-11 18:11:18.529802,4,4
"313","sc-ssid24-04182026","South Canyon",4,"+4C",3,13,NA,"data/TP1/TANK4_Reflection__12__12.txt","TANK4_Reflection__12__12.txt",2026-06-11 18:11:32.057228,4,4
"314","skeleton_tank4",NA,4,"+4C",1,80,NA,"data/TP1/TANK4_Reflection__79__79.txt","TANK4_Reflection__79__79.txt",2026-06-11 19:02:00.725813,4,4
"315","skeleton_tank4",NA,4,"+4C",2,81,NA,"data/TP1/TANK4_Reflection__80__80.txt","TANK4_Reflection__80__80.txt",2026-06-11 19:03:17.657347,4,4
"316","skeleton_tank4",NA,4,"+4C",3,82,NA,"data/TP1/TANK4_Reflection__81__81.txt","TANK4_Reflection__81__81.txt",2026-06-11 19:03:35.498739,4,4
"317","spectralon_tank4",NA,4,"+4C",1,1,NA,"data/TP1/TANK4_Reflection__0__00.txt","TANK4_Reflection__0__00.txt",2026-06-11 18:05:16.655787,4,4
"318","DB-sid11-051426","Dania",5,"control",1,42,NA,"data/TP1/TANK5_CONTINUED_Reflection__25__25.txt","TANK5_CONTINUED_Reflection__25__25.txt",2026-06-12 12:24:50.48114,5,5
"319","DB-sid11-051426","Dania",5,"control",2,43,NA,"data/TP1/TANK5_CONTINUED_Reflection__26__26.txt","TANK5_CONTINUED_Reflection__26__26.txt",2026-06-12 12:25:03.285126,5,5
"320","DB-sid11-051426","Dania",5,"control",3,44,NA,"data/TP1/TANK5_CONTINUED_Reflection__27__27.txt","TANK5_CONTINUED_Reflection__27__27.txt",2026-06-12 12:25:15.628149,5,5
"321","DB-sid17-051426","Dania",5,"control",1,24,NA,"data/TP1/TANK5_CONTINUED_Reflection__7__07.txt","TANK5_CONTINUED_Reflection__7__07.txt",2026-06-12 12:11:54.708506,5,5
"322","DB-sid17-051426","Dania",5,"control",2,25,NA,"data/TP1/TANK5_CONTINUED_Reflection__8__08.txt","TANK5_CONTINUED_Reflection__8__08.txt",2026-06-12 12:12:16.159578,5,5
"323","DB-sid17-051426","Dania",5,"control",3,26,NA,"data/TP1/TANK5_CONTINUED_Reflection__9__09.txt","TANK5_CONTINUED_Reflection__9__09.txt",2026-06-12 12:12:29.864668,5,5
"324","DB-sid38-051426","Dania",5,"control",1,76,NA,"data/TP1/TANK5_CONTINUED_Reflection__59__59.txt","TANK5_CONTINUED_Reflection__59__59.txt",2026-06-12 12:54:15.048546,5,5
"325","DB-sid38-051426","Dania",5,"control",2,77,NA,"data/TP1/TANK5_CONTINUED_Reflection__60__60.txt","TANK5_CONTINUED_Reflection__60__60.txt",2026-06-12 12:54:57.897144,5,5
"326","DB-sid38-051426","Dania",5,"control",3,78,NA,"data/TP1/TANK5_CONTINUED_Reflection__61__61.txt","TANK5_CONTINUED_Reflection__61__61.txt",2026-06-12 12:55:07.699869,5,5
"327","EMERALD-sid12-052026","Emerald Reef",5,"control",1,66,NA,"data/TP1/TANK5_CONTINUED_Reflection__49__49.txt","TANK5_CONTINUED_Reflection__49__49.txt",2026-06-12 12:49:13.816536,5,5
"328","EMERALD-sid12-052026","Emerald Reef",5,"control",2,67,NA,"data/TP1/TANK5_CONTINUED_Reflection__50__50.txt","TANK5_CONTINUED_Reflection__50__50.txt",2026-06-12 12:49:32.137026,5,5
"329","EMERALD-sid12-052026","Emerald Reef",5,"control",3,68,NA,"data/TP1/TANK5_CONTINUED_Reflection__51__51.txt","TANK5_CONTINUED_Reflection__51__51.txt",2026-06-12 12:49:42.165094,5,5
"330","EMERALD-sid20-052026","Emerald Reef",5,"control",1,60,NA,"data/TP1/TANK5_CONTINUED_Reflection__43__43.txt","TANK5_CONTINUED_Reflection__43__43.txt",2026-06-12 12:47:03.690781,5,5
"331","EMERALD-sid20-052026","Emerald Reef",5,"control",2,61,NA,"data/TP1/TANK5_CONTINUED_Reflection__44__44.txt","TANK5_CONTINUED_Reflection__44__44.txt",2026-06-12 12:47:12.129091,5,5
"332","EMERALD-sid20-052026","Emerald Reef",5,"control",3,62,NA,"data/TP1/TANK5_CONTINUED_Reflection__45__45.txt","TANK5_CONTINUED_Reflection__45__45.txt",2026-06-12 12:47:21.247744,5,5
"333","EMERALD-sid25-052026","Emerald Reef",5,"control",1,57,NA,"data/TP1/TANK5_CONTINUED_Reflection__40__40.txt","TANK5_CONTINUED_Reflection__40__40.txt",2026-06-12 12:45:25.898643,5,5
"334","EMERALD-sid25-052026","Emerald Reef",5,"control",2,58,NA,"data/TP1/TANK5_CONTINUED_Reflection__41__41.txt","TANK5_CONTINUED_Reflection__41__41.txt",2026-06-12 12:46:10.225054,5,5
"335","EMERALD-sid25-052026","Emerald Reef",5,"control",3,59,NA,"data/TP1/TANK5_CONTINUED_Reflection__42__42.txt","TANK5_CONTINUED_Reflection__42__42.txt",2026-06-12 12:46:23.498718,5,5
"336","GRA-sid05-051426","Graceland",5,"control",2,73,NA,"data/TP1/TANK5_CONTINUED_Reflection__56__56.txt","TANK5_CONTINUED_Reflection__56__56.txt",2026-06-12 12:52:51.572615,5,5
"337","GRA-sid05-051426","Graceland",5,"control",3,74,NA,"data/TP1/TANK5_CONTINUED_Reflection__57__57.txt","TANK5_CONTINUED_Reflection__57__57.txt",2026-06-12 12:53:04.578817,5,5
"338","GRA-sid05-051426","Graceland",5,"control",4,75,NA,"data/TP1/TANK5_CONTINUED_Reflection__58__58.txt","TANK5_CONTINUED_Reflection__58__58.txt",2026-06-12 12:53:28.741592,5,5
"339","GRA-sid14-051426","Graceland",5,"control",1,39,NA,"data/TP1/TANK5_CONTINUED_Reflection__22__22.txt","TANK5_CONTINUED_Reflection__22__22.txt",2026-06-12 12:21:24.765253,5,5
"340","GRA-sid14-051426","Graceland",5,"control",2,40,NA,"data/TP1/TANK5_CONTINUED_Reflection__23__23.txt","TANK5_CONTINUED_Reflection__23__23.txt",2026-06-12 12:21:46.515335,5,5
"341","GRA-sid14-051426","Graceland",5,"control",3,41,NA,"data/TP1/TANK5_CONTINUED_Reflection__24__24.txt","TANK5_CONTINUED_Reflection__24__24.txt",2026-06-12 12:22:18.080879,5,5
"342","HB-sid07-051426","Hollywood",5,"control",1,30,NA,"data/TP1/TANK5_CONTINUED_Reflection__13__13.txt","TANK5_CONTINUED_Reflection__13__13.txt",2026-06-12 12:16:35.183393,5,5
"343","HB-sid07-051426","Hollywood",5,"control",2,31,NA,"data/TP1/TANK5_CONTINUED_Reflection__14__14.txt","TANK5_CONTINUED_Reflection__14__14.txt",2026-06-12 12:16:52.273018,5,5
"344","HB-sid07-051426","Hollywood",5,"control",3,32,NA,"data/TP1/TANK5_CONTINUED_Reflection__15__15.txt","TANK5_CONTINUED_Reflection__15__15.txt",2026-06-12 12:17:15.277775,5,5
"345","HB-sid11-051426","Hollywood",5,"control",1,8,"spectralon_tank9","data/TP1/TANK5_Reflection__7__24.txt","TANK5_Reflection__7__24.txt",2026-06-11 23:26:52.177818,5,5
"346","HB-sid11-051426","Hollywood",5,"control",2,9,"spectralon_tank9","data/TP1/TANK5_Reflection__8__25.txt","TANK5_Reflection__8__25.txt",2026-06-11 23:27:14.790089,5,5
"347","HB-sid11-051426","Hollywood",5,"control",3,10,"spectralon_tank9","data/TP1/TANK5_Reflection__9__26.txt","TANK5_Reflection__9__26.txt",2026-06-11 23:27:32.336409,5,5
"348","JR-sid23-052026","JR's Ledge",5,"control",1,27,NA,"data/TP1/TANK5_CONTINUED_Reflection__10__10.txt","TANK5_CONTINUED_Reflection__10__10.txt",2026-06-12 12:14:52.137835,5,5
"349","JR-sid23-052026","JR's Ledge",5,"control",2,28,NA,"data/TP1/TANK5_CONTINUED_Reflection__11__11.txt","TANK5_CONTINUED_Reflection__11__11.txt",2026-06-12 12:15:02.403008,5,5
"350","JR-sid23-052026","JR's Ledge",5,"control",3,29,NA,"data/TP1/TANK5_CONTINUED_Reflection__12__12.txt","TANK5_CONTINUED_Reflection__12__12.txt",2026-06-12 12:15:35.998289,5,5
"351","JR-sid24-052026","JR's Ledge",5,"control",1,18,NA,"data/TP1/TANK5_CONTINUED_Reflection__1__01.txt","TANK5_CONTINUED_Reflection__1__01.txt",2026-06-12 12:07:18.916018,5,5
"352","JR-sid24-052026","JR's Ledge",5,"control",2,19,NA,"data/TP1/TANK5_CONTINUED_Reflection__2__02.txt","TANK5_CONTINUED_Reflection__2__02.txt",2026-06-12 12:08:57.252155,5,5
"353","JR-sid24-052026","JR's Ledge",5,"control",3,20,NA,"data/TP1/TANK5_CONTINUED_Reflection__3__03.txt","TANK5_CONTINUED_Reflection__3__03.txt",2026-06-12 12:09:29.693165,5,5
"354","REV-sid20-052026","Reverse Reef",5,"control",1,63,NA,"data/TP1/TANK5_CONTINUED_Reflection__46__46.txt","TANK5_CONTINUED_Reflection__46__46.txt",2026-06-12 12:48:06.650965,5,5
"355","REV-sid20-052026","Reverse Reef",5,"control",2,64,NA,"data/TP1/TANK5_CONTINUED_Reflection__47__47.txt","TANK5_CONTINUED_Reflection__47__47.txt",2026-06-12 12:48:17.589537,5,5
"356","REV-sid20-052026","Reverse Reef",5,"control",3,65,NA,"data/TP1/TANK5_CONTINUED_Reflection__48__48.txt","TANK5_CONTINUED_Reflection__48__48.txt",2026-06-12 12:48:37.248096,5,5
"357","REV-sid21-052026","Reverse Reef",5,"control",1,51,NA,"data/TP1/TANK5_CONTINUED_Reflection__34__34.txt","TANK5_CONTINUED_Reflection__34__34.txt",2026-06-12 12:31:59.016228,5,5
"358","REV-sid21-052026","Reverse Reef",5,"control",2,52,NA,"data/TP1/TANK5_CONTINUED_Reflection__35__35.txt","TANK5_CONTINUED_Reflection__35__35.txt",2026-06-12 12:32:10.888826,5,5
"359","REV-sid21-052026","Reverse Reef",5,"control",3,53,NA,"data/TP1/TANK5_CONTINUED_Reflection__36__36.txt","TANK5_CONTINUED_Reflection__36__36.txt",2026-06-12 12:32:24.570501,5,5
"360","REV-sid24-052026","Reverse Reef",5,"control",1,4,"spectralon_tank9","data/TP1/TANK5_Reflection__3__20.txt","TANK5_Reflection__3__20.txt",2026-06-11 23:25:45.511854,5,5
"361","REV-sid24-052026","Reverse Reef",5,"control",2,5,"spectralon_tank9","data/TP1/TANK5_Reflection__4__21.txt","TANK5_Reflection__4__21.txt",2026-06-11 23:26:02.700018,5,5
"362","REV-sid24-052026","Reverse Reef",5,"control",3,6,"spectralon_tank9","data/TP1/TANK5_Reflection__5__22.txt","TANK5_Reflection__5__22.txt",2026-06-11 23:26:14.484261,5,5
"363","REV-sid24-052026","Reverse Reef",5,"control",4,7,"spectralon_tank9","data/TP1/TANK5_Reflection__6__23.txt","TANK5_Reflection__6__23.txt",2026-06-11 23:26:24.90815,5,5
"364","URB-sid10-052826","Dodge Island",5,"control",1,14,"spectralon_tank9","data/TP1/TANK5_Reflection__13__30.txt","TANK5_Reflection__13__30.txt",2026-06-11 23:30:00.867359,5,5
"365","URB-sid10-052826","Dodge Island",5,"control",2,15,"spectralon_tank9","data/TP1/TANK5_Reflection__14__31.txt","TANK5_Reflection__14__31.txt",2026-06-11 23:30:18.385876,5,5
"366","URB-sid10-052826","Dodge Island",5,"control",3,16,"spectralon_tank9","data/TP1/TANK5_Reflection__15__32.txt","TANK5_Reflection__15__32.txt",2026-06-11 23:31:19.586355,5,5
"367","URB-sid33-052826","Dodge Island",5,"control",1,21,NA,"data/TP1/TANK5_CONTINUED_Reflection__4__04.txt","TANK5_CONTINUED_Reflection__4__04.txt",2026-06-12 12:10:15.54715,5,5
"368","URB-sid33-052826","Dodge Island",5,"control",2,22,NA,"data/TP1/TANK5_CONTINUED_Reflection__5__05.txt","TANK5_CONTINUED_Reflection__5__05.txt",2026-06-12 12:10:29.017406,5,5
"369","URB-sid33-052826","Dodge Island",5,"control",3,23,NA,"data/TP1/TANK5_CONTINUED_Reflection__6__06.txt","TANK5_CONTINUED_Reflection__6__06.txt",2026-06-12 12:11:00.285622,5,5
"370","URB-sid39-052826","Dodge Island",5,"control",1,36,NA,"data/TP1/TANK5_CONTINUED_Reflection__19__19.txt","TANK5_CONTINUED_Reflection__19__19.txt",2026-06-12 12:19:50.697607,5,5
"371","URB-sid39-052826","Dodge Island",5,"control",2,37,NA,"data/TP1/TANK5_CONTINUED_Reflection__20__20.txt","TANK5_CONTINUED_Reflection__20__20.txt",2026-06-12 12:20:05.981382,5,5
"372","URB-sid39-052826","Dodge Island",5,"control",3,38,NA,"data/TP1/TANK5_CONTINUED_Reflection__21__21.txt","TANK5_CONTINUED_Reflection__21__21.txt",2026-06-12 12:20:21.471535,5,5
"373","cave-ssid09-04162026","Caves",5,"control",1,33,NA,"data/TP1/TANK5_CONTINUED_Reflection__16__16.txt","TANK5_CONTINUED_Reflection__16__16.txt",2026-06-12 12:18:17.094564,5,5
"374","cave-ssid09-04162026","Caves",5,"control",2,34,NA,"data/TP1/TANK5_CONTINUED_Reflection__17__17.txt","TANK5_CONTINUED_Reflection__17__17.txt",2026-06-12 12:18:28.73008,5,5
"375","cave-ssid09-04162026","Caves",5,"control",3,35,NA,"data/TP1/TANK5_CONTINUED_Reflection__18__18.txt","TANK5_CONTINUED_Reflection__18__18.txt",2026-06-12 12:18:49.273848,5,5
"376","cave-ssid16-04162026","Caves",5,"control",1,54,NA,"data/TP1/TANK5_CONTINUED_Reflection__37__37.txt","TANK5_CONTINUED_Reflection__37__37.txt",2026-06-12 12:33:19.151344,5,5
"377","cave-ssid16-04162026","Caves",5,"control",2,55,NA,"data/TP1/TANK5_CONTINUED_Reflection__38__38.txt","TANK5_CONTINUED_Reflection__38__38.txt",2026-06-12 12:33:34.255697,5,5
"378","cave-ssid16-04162026","Caves",5,"control",3,56,NA,"data/TP1/TANK5_CONTINUED_Reflection__39__39.txt","TANK5_CONTINUED_Reflection__39__39.txt",2026-06-12 12:33:45.444744,5,5
"379","ftlb2-ssid02-03222026","BAR",5,"control",1,45,NA,"data/TP1/TANK5_CONTINUED_Reflection__28__28.txt","TANK5_CONTINUED_Reflection__28__28.txt",2026-06-12 12:25:48.051977,5,5
"380","ftlb2-ssid02-03222026","BAR",5,"control",2,46,NA,"data/TP1/TANK5_CONTINUED_Reflection__29__29.txt","TANK5_CONTINUED_Reflection__29__29.txt",2026-06-12 12:26:10.158657,5,5
"381","ftlb2-ssid02-03222026","BAR",5,"control",3,47,NA,"data/TP1/TANK5_CONTINUED_Reflection__30__30.txt","TANK5_CONTINUED_Reflection__30__30.txt",2026-06-12 12:26:53.652039,5,5
"382","ftlb2-ssid07-03222026","BAR",5,"control",1,48,NA,"data/TP1/TANK5_CONTINUED_Reflection__31__31.txt","TANK5_CONTINUED_Reflection__31__31.txt",2026-06-12 12:27:39.441742,5,5
"383","ftlb2-ssid07-03222026","BAR",5,"control",2,49,NA,"data/TP1/TANK5_CONTINUED_Reflection__32__32.txt","TANK5_CONTINUED_Reflection__32__32.txt",2026-06-12 12:28:30.419439,5,5
"384","ftlb2-ssid07-03222026","BAR",5,"control",3,50,NA,"data/TP1/TANK5_CONTINUED_Reflection__33__33.txt","TANK5_CONTINUED_Reflection__33__33.txt",2026-06-12 12:28:59.918011,5,5
"385","ftlb2-ssid16-03222026","BAR",5,"control",1,1,"spectralon_tank9","data/TP1/TANK5_Reflection__0__17.txt","TANK5_Reflection__0__17.txt",2026-06-11 23:21:25.737432,5,5
"386","ftlb2-ssid16-03222026","BAR",5,"control",2,2,"spectralon_tank9","data/TP1/TANK5_Reflection__1__18.txt","TANK5_Reflection__1__18.txt",2026-06-11 23:22:07.618763,5,5
"387","ftlb2-ssid16-03222026","BAR",5,"control",3,3,"spectralon_tank9","data/TP1/TANK5_Reflection__2__19.txt","TANK5_Reflection__2__19.txt",2026-06-11 23:22:37.596436,5,5
"388","sc-ssid16-04182026","South Canyon",5,"control",1,69,NA,"data/TP1/TANK5_CONTINUED_Reflection__52__52.txt","TANK5_CONTINUED_Reflection__52__52.txt",2026-06-12 12:50:53.773787,5,5
"389","sc-ssid16-04182026","South Canyon",5,"control",2,70,NA,"data/TP1/TANK5_CONTINUED_Reflection__53__53.txt","TANK5_CONTINUED_Reflection__53__53.txt",2026-06-12 12:51:10.673666,5,5
"390","sc-ssid16-04182026","South Canyon",5,"control",3,71,NA,"data/TP1/TANK5_CONTINUED_Reflection__54__54.txt","TANK5_CONTINUED_Reflection__54__54.txt",2026-06-12 12:52:10.075525,5,5
"391","sc-ssid25-04182026","South Canyon",5,"control",1,11,"spectralon_tank9","data/TP1/TANK5_Reflection__10__27.txt","TANK5_Reflection__10__27.txt",2026-06-11 23:28:10.122335,5,5
"392","sc-ssid25-04182026","South Canyon",5,"control",2,12,"spectralon_tank9","data/TP1/TANK5_Reflection__11__28.txt","TANK5_Reflection__11__28.txt",2026-06-11 23:28:42.414164,5,5
"393","sc-ssid25-04182026","South Canyon",5,"control",3,13,"spectralon_tank9","data/TP1/TANK5_Reflection__12__29.txt","TANK5_Reflection__12__29.txt",2026-06-11 23:28:54.524591,5,5
"394","skeleton_tank5",NA,5,"control",1,79,NA,"data/TP1/TANK5_CONTINUED_Reflection__62__62.txt","TANK5_CONTINUED_Reflection__62__62.txt",2026-06-12 12:55:34.595629,5,5
"395","skeleton_tank5",NA,5,"control",2,80,NA,"data/TP1/TANK5_CONTINUED_Reflection__63__63.txt","TANK5_CONTINUED_Reflection__63__63.txt",2026-06-12 12:55:48.746519,5,5
"396","skeleton_tank5",NA,5,"control",3,81,NA,"data/TP1/TANK5_CONTINUED_Reflection__64__64.txt","TANK5_CONTINUED_Reflection__64__64.txt",2026-06-12 12:56:10.611723,5,5
"397","spectralon_tank5",NA,5,"control",1,17,NA,"data/TP1/TANK5_CONTINUED_Reflection__0__00.txt","TANK5_CONTINUED_Reflection__0__00.txt",2026-06-12 12:05:11.411037,5,5
"398","DB-sid05-051426","Dania",6,"+2C",1,69,NA,"data/TP1/TANK6_CONTINUED_Reflection__50__50.txt","TANK6_CONTINUED_Reflection__50__50.txt",2026-06-12 11:41:05.921602,6,6
"399","DB-sid05-051426","Dania",6,"+2C",2,70,NA,"data/TP1/TANK6_CONTINUED_Reflection__51__51.txt","TANK6_CONTINUED_Reflection__51__51.txt",2026-06-12 11:41:22.982634,6,6
"400","DB-sid05-051426","Dania",6,"+2C",3,71,NA,"data/TP1/TANK6_CONTINUED_Reflection__52__52.txt","TANK6_CONTINUED_Reflection__52__52.txt",2026-06-12 11:41:48.405508,6,6
"401","DB-sid06-051426","Dania",6,"+2C",1,54,NA,"data/TP1/TANK6_CONTINUED_Reflection__35__35.txt","TANK6_CONTINUED_Reflection__35__35.txt",2026-06-12 11:31:44.011185,6,6
"402","DB-sid06-051426","Dania",6,"+2C",2,55,NA,"data/TP1/TANK6_CONTINUED_Reflection__36__36.txt","TANK6_CONTINUED_Reflection__36__36.txt",2026-06-12 11:32:01.004959,6,6
"403","DB-sid06-051426","Dania",6,"+2C",3,56,NA,"data/TP1/TANK6_CONTINUED_Reflection__37__37.txt","TANK6_CONTINUED_Reflection__37__37.txt",2026-06-12 11:32:21.276815,6,6
"404","DB-sid33-051426","Dania",6,"+2C",1,20,NA,"data/TP1/TANK6_CONTINUED_Reflection__1__01.txt","TANK6_CONTINUED_Reflection__1__01.txt",2026-06-12 11:03:58.107868,6,6
"405","DB-sid33-051426","Dania",6,"+2C",2,21,NA,"data/TP1/TANK6_CONTINUED_Reflection__2__02.txt","TANK6_CONTINUED_Reflection__2__02.txt",2026-06-12 11:04:13.842941,6,6
"406","DB-sid33-051426","Dania",6,"+2C",3,22,NA,"data/TP1/TANK6_CONTINUED_Reflection__3__03.txt","TANK6_CONTINUED_Reflection__3__03.txt",2026-06-12 11:04:27.490105,6,6
"407","EMERALD-sid18-052026","Emerald Reef",6,"+2C",1,48,NA,"data/TP1/TANK6_CONTINUED_Reflection__29__29.txt","TANK6_CONTINUED_Reflection__29__29.txt",2026-06-12 11:29:00.48616,6,6
"408","EMERALD-sid18-052026","Emerald Reef",6,"+2C",2,49,NA,"data/TP1/TANK6_CONTINUED_Reflection__30__30.txt","TANK6_CONTINUED_Reflection__30__30.txt",2026-06-12 11:29:11.859098,6,6
"409","EMERALD-sid18-052026","Emerald Reef",6,"+2C",3,50,NA,"data/TP1/TANK6_CONTINUED_Reflection__31__31.txt","TANK6_CONTINUED_Reflection__31__31.txt",2026-06-12 11:29:29.85429,6,6
"410","EMERALD-sid24-052026","Emerald Reef",6,"+2C",1,66,NA,"data/TP1/TANK6_CONTINUED_Reflection__47__47.txt","TANK6_CONTINUED_Reflection__47__47.txt",2026-06-12 11:39:35.701828,6,6
"411","EMERALD-sid24-052026","Emerald Reef",6,"+2C",2,67,NA,"data/TP1/TANK6_CONTINUED_Reflection__48__48.txt","TANK6_CONTINUED_Reflection__48__48.txt",2026-06-12 11:40:02.695646,6,6
"412","EMERALD-sid24-052026","Emerald Reef",6,"+2C",3,68,NA,"data/TP1/TANK6_CONTINUED_Reflection__49__49.txt","TANK6_CONTINUED_Reflection__49__49.txt",2026-06-12 11:40:15.719213,6,6
"413","EMERALD-sid33-052026","Emerald Reef",6,"+2C",1,72,NA,"data/TP1/TANK6_CONTINUED_Reflection__53__53.txt","TANK6_CONTINUED_Reflection__53__53.txt",2026-06-12 11:42:18.116503,6,6
"414","EMERALD-sid33-052026","Emerald Reef",6,"+2C",2,73,NA,"data/TP1/TANK6_CONTINUED_Reflection__54__54.txt","TANK6_CONTINUED_Reflection__54__54.txt",2026-06-12 11:42:43.359089,6,6
"415","EMERALD-sid33-052026","Emerald Reef",6,"+2C",3,74,NA,"data/TP1/TANK6_CONTINUED_Reflection__55__55.txt","TANK6_CONTINUED_Reflection__55__55.txt",2026-06-12 11:43:11.138361,6,6
"416","GRA-sid06-051426","Graceland",6,"+2C",1,78,NA,"data/TP1/TANK6_CONTINUED_Reflection__59__59.txt","TANK6_CONTINUED_Reflection__59__59.txt",2026-06-12 11:45:41.996483,6,6
"417","GRA-sid06-051426","Graceland",6,"+2C",2,79,NA,"data/TP1/TANK6_CONTINUED_Reflection__60__60.txt","TANK6_CONTINUED_Reflection__60__60.txt",2026-06-12 11:46:01.741936,6,6
"418","GRA-sid06-051426","Graceland",6,"+2C",3,80,NA,"data/TP1/TANK6_CONTINUED_Reflection__61__61.txt","TANK6_CONTINUED_Reflection__61__61.txt",2026-06-12 11:46:33.955341,6,6
"419","GRA-sid18-051426","Graceland",6,"+2C",1,16,"spectralon_tank9","data/TP1/TANK6_Reflection__15__78.txt","TANK6_Reflection__15__78.txt",2026-06-12 00:08:16.885387,6,6
"420","GRA-sid18-051426","Graceland",6,"+2C",2,17,"spectralon_tank9","data/TP1/TANK6_Reflection__16__79.txt","TANK6_Reflection__16__79.txt",2026-06-12 00:08:30.043856,6,6
"421","GRA-sid18-051426","Graceland",6,"+2C",3,18,"spectralon_tank9","data/TP1/TANK6_Reflection__17__80.txt","TANK6_Reflection__17__80.txt",2026-06-12 00:08:46.570826,6,6
"422","HB-sid19-051426","Hollywood",6,"+2C",1,60,NA,"data/TP1/TANK6_CONTINUED_Reflection__41__41.txt","TANK6_CONTINUED_Reflection__41__41.txt",2026-06-12 11:35:33.712982,6,6
"423","HB-sid19-051426","Hollywood",6,"+2C",2,61,NA,"data/TP1/TANK6_CONTINUED_Reflection__42__42.txt","TANK6_CONTINUED_Reflection__42__42.txt",2026-06-12 11:36:07.197927,6,6
"424","HB-sid19-051426","Hollywood",6,"+2C",3,62,NA,"data/TP1/TANK6_CONTINUED_Reflection__43__43.txt","TANK6_CONTINUED_Reflection__43__43.txt",2026-06-12 11:36:39.076767,6,6
"425","JR-sid01-052026","JR's Ledge",6,"+2C",1,10,"spectralon_tank9","data/TP1/TANK6_Reflection__9__72.txt","TANK6_Reflection__9__72.txt",2026-06-12 00:04:47.724236,6,6
"426","JR-sid01-052026","JR's Ledge",6,"+2C",5,14,"spectralon_tank9","data/TP1/TANK6_Reflection__13__76.txt","TANK6_Reflection__13__76.txt",2026-06-12 00:05:52.162321,6,6
"427","JR-sid01-052026","JR's Ledge",6,"+2C",6,15,"spectralon_tank9","data/TP1/TANK6_Reflection__14__77.txt","TANK6_Reflection__14__77.txt",2026-06-12 00:06:13.746147,6,6
"428","JR-sid04-052026","JR's Ledge",6,"+2C",1,75,NA,"data/TP1/TANK6_CONTINUED_Reflection__56__56.txt","TANK6_CONTINUED_Reflection__56__56.txt",2026-06-12 11:43:40.373631,6,6
"429","JR-sid04-052026","JR's Ledge",6,"+2C",2,76,NA,"data/TP1/TANK6_CONTINUED_Reflection__57__57.txt","TANK6_CONTINUED_Reflection__57__57.txt",2026-06-12 11:44:00.903036,6,6
"430","JR-sid04-052026","JR's Ledge",6,"+2C",3,77,NA,"data/TP1/TANK6_CONTINUED_Reflection__58__58.txt","TANK6_CONTINUED_Reflection__58__58.txt",2026-06-12 11:44:22.783482,6,6
"431","JR-sid05-052026","JR's Ledge",6,"+2C",1,57,NA,"data/TP1/TANK6_CONTINUED_Reflection__38__38.txt","TANK6_CONTINUED_Reflection__38__38.txt",2026-06-12 11:32:47.97237,6,6
"432","JR-sid05-052026","JR's Ledge",6,"+2C",2,58,NA,"data/TP1/TANK6_CONTINUED_Reflection__39__39.txt","TANK6_CONTINUED_Reflection__39__39.txt",2026-06-12 11:33:07.06218,6,6
"433","JR-sid05-052026","JR's Ledge",6,"+2C",3,59,NA,"data/TP1/TANK6_CONTINUED_Reflection__40__40.txt","TANK6_CONTINUED_Reflection__40__40.txt",2026-06-12 11:33:43.959408,6,6
"434","REV-sid10-052026","Reverse Reef",6,"+2C",1,38,NA,"data/TP1/TANK6_CONTINUED_Reflection__19__19.txt","TANK6_CONTINUED_Reflection__19__19.txt",2026-06-12 11:25:13.913174,6,6
"435","REV-sid10-052026","Reverse Reef",6,"+2C",2,39,NA,"data/TP1/TANK6_CONTINUED_Reflection__20__20.txt","TANK6_CONTINUED_Reflection__20__20.txt",2026-06-12 11:25:28.668739,6,6
"436","REV-sid10-052026","Reverse Reef",6,"+2C",3,40,NA,"data/TP1/TANK6_CONTINUED_Reflection__21__21.txt","TANK6_CONTINUED_Reflection__21__21.txt",2026-06-12 11:25:41.058468,6,6
"437","REV-sid13-052026","Reverse Reef",6,"+2C",1,29,NA,"data/TP1/TANK6_CONTINUED_Reflection__10__10.txt","TANK6_CONTINUED_Reflection__10__10.txt",2026-06-12 11:10:18.085127,6,6
"438","REV-sid13-052026","Reverse Reef",6,"+2C",2,30,NA,"data/TP1/TANK6_CONTINUED_Reflection__11__11.txt","TANK6_CONTINUED_Reflection__11__11.txt",2026-06-12 11:10:34.449505,6,6
"439","REV-sid13-052026","Reverse Reef",6,"+2C",3,31,NA,"data/TP1/TANK6_CONTINUED_Reflection__12__12.txt","TANK6_CONTINUED_Reflection__12__12.txt",2026-06-12 11:10:58.131191,6,6
"440","REV-sid36-052026","Reverse Reef",6,"+2C",1,41,NA,"data/TP1/TANK6_CONTINUED_Reflection__22__22.txt","TANK6_CONTINUED_Reflection__22__22.txt",2026-06-12 11:26:18.861025,6,6
"441","REV-sid36-052026","Reverse Reef",6,"+2C",2,42,NA,"data/TP1/TANK6_CONTINUED_Reflection__23__23.txt","TANK6_CONTINUED_Reflection__23__23.txt",2026-06-12 11:26:38.822149,6,6
"442","REV-sid36-052026","Reverse Reef",6,"+2C",3,43,NA,"data/TP1/TANK6_CONTINUED_Reflection__24__24.txt","TANK6_CONTINUED_Reflection__24__24.txt",2026-06-12 11:26:48.431545,6,6
"443","URB-sid07-052826","Dodge Island",6,"+2C",1,23,NA,"data/TP1/TANK6_CONTINUED_Reflection__4__04.txt","TANK6_CONTINUED_Reflection__4__04.txt",2026-06-12 11:06:15.959452,6,6
"444","URB-sid07-052826","Dodge Island",6,"+2C",2,24,NA,"data/TP1/TANK6_CONTINUED_Reflection__5__05.txt","TANK6_CONTINUED_Reflection__5__05.txt",2026-06-12 11:06:26.883644,6,6
"445","URB-sid07-052826","Dodge Island",6,"+2C",3,25,NA,"data/TP1/TANK6_CONTINUED_Reflection__6__06.txt","TANK6_CONTINUED_Reflection__6__06.txt",2026-06-12 11:07:03.803875,6,6
"446","URB-sid08-052826","Dodge Island",6,"+2C",1,51,NA,"data/TP1/TANK6_CONTINUED_Reflection__32__32.txt","TANK6_CONTINUED_Reflection__32__32.txt",2026-06-12 11:29:59.788969,6,6
"447","URB-sid08-052826","Dodge Island",6,"+2C",2,52,NA,"data/TP1/TANK6_CONTINUED_Reflection__33__33.txt","TANK6_CONTINUED_Reflection__33__33.txt",2026-06-12 11:30:18.390636,6,6
"448","URB-sid08-052826","Dodge Island",6,"+2C",3,53,NA,"data/TP1/TANK6_CONTINUED_Reflection__34__34.txt","TANK6_CONTINUED_Reflection__34__34.txt",2026-06-12 11:30:32.813444,6,6
"449","URB-sid11-052826","Dodge Island",6,"+2C",1,4,"spectralon_tank9","data/TP1/TANK6_Reflection__3__66.txt","TANK6_Reflection__3__66.txt",2026-06-12 00:01:31.619093,6,6
"450","URB-sid11-052826","Dodge Island",6,"+2C",2,5,"spectralon_tank9","data/TP1/TANK6_Reflection__4__67.txt","TANK6_Reflection__4__67.txt",2026-06-12 00:01:42.080811,6,6
"451","URB-sid11-052826","Dodge Island",6,"+2C",3,6,"spectralon_tank9","data/TP1/TANK6_Reflection__5__68.txt","TANK6_Reflection__5__68.txt",2026-06-12 00:02:13.127005,6,6
"452","cave-ssid27-04162026","Caves",6,"+2C",2,45,NA,"data/TP1/TANK6_CONTINUED_Reflection__26__26.txt","TANK6_CONTINUED_Reflection__26__26.txt",2026-06-12 11:27:54.439144,6,6
"453","cave-ssid27-04162026","Caves",6,"+2C",3,46,NA,"data/TP1/TANK6_CONTINUED_Reflection__27__27.txt","TANK6_CONTINUED_Reflection__27__27.txt",2026-06-12 11:28:10.323736,6,6
"454","cave-ssid27-04162026","Caves",6,"+2C",4,47,NA,"data/TP1/TANK6_CONTINUED_Reflection__28__28.txt","TANK6_CONTINUED_Reflection__28__28.txt",2026-06-12 11:28:33.650021,6,6
"455","cave-ssid30-04162026","Caves",6,"+2C",1,1,"spectralon_tank9","data/TP1/TANK6_Reflection__0__63.txt","TANK6_Reflection__0__63.txt",2026-06-12 00:00:13.67219,6,6
"456","cave-ssid30-04162026","Caves",6,"+2C",2,2,"spectralon_tank9","data/TP1/TANK6_Reflection__1__64.txt","TANK6_Reflection__1__64.txt",2026-06-12 00:00:27.502697,6,6
"457","cave-ssid30-04162026","Caves",6,"+2C",3,3,"spectralon_tank9","data/TP1/TANK6_Reflection__2__65.txt","TANK6_Reflection__2__65.txt",2026-06-12 00:00:42.675066,6,6
"458","ftlb1-ssid01-03232026","BAR",6,"+2C",1,7,"spectralon_tank9","data/TP1/TANK6_Reflection__6__69.txt","TANK6_Reflection__6__69.txt",2026-06-12 00:03:41.890179,6,6
"459","ftlb1-ssid01-03232026","BAR",6,"+2C",2,8,"spectralon_tank9","data/TP1/TANK6_Reflection__7__70.txt","TANK6_Reflection__7__70.txt",2026-06-12 00:03:58.41782,6,6
"460","ftlb1-ssid01-03232026","BAR",6,"+2C",3,9,"spectralon_tank9","data/TP1/TANK6_Reflection__8__71.txt","TANK6_Reflection__8__71.txt",2026-06-12 00:04:10.231499,6,6
"461","ftlb1-ssid12-03232026","BAR",6,"+2C",1,63,NA,"data/TP1/TANK6_CONTINUED_Reflection__44__44.txt","TANK6_CONTINUED_Reflection__44__44.txt",2026-06-12 11:38:33.698826,6,6
"462","ftlb1-ssid12-03232026","BAR",6,"+2C",2,64,NA,"data/TP1/TANK6_CONTINUED_Reflection__45__45.txt","TANK6_CONTINUED_Reflection__45__45.txt",2026-06-12 11:38:51.821905,6,6
"463","ftlb1-ssid12-03232026","BAR",6,"+2C",3,65,NA,"data/TP1/TANK6_CONTINUED_Reflection__46__46.txt","TANK6_CONTINUED_Reflection__46__46.txt",2026-06-12 11:39:07.115515,6,6
"464","ftlb2-ssid06-03222026","BAR",6,"+2C",1,32,NA,"data/TP1/TANK6_CONTINUED_Reflection__13__13.txt","TANK6_CONTINUED_Reflection__13__13.txt",2026-06-12 11:12:33.175278,6,6
"465","ftlb2-ssid06-03222026","BAR",6,"+2C",2,33,NA,"data/TP1/TANK6_CONTINUED_Reflection__14__14.txt","TANK6_CONTINUED_Reflection__14__14.txt",2026-06-12 11:14:12.372925,6,6
"466","ftlb2-ssid06-03222026","BAR",6,"+2C",3,34,NA,"data/TP1/TANK6_CONTINUED_Reflection__15__15.txt","TANK6_CONTINUED_Reflection__15__15.txt",2026-06-12 11:14:30.417421,6,6
"467","sc-ssid03-04182026","South Canyon",6,"+2C",1,26,NA,"data/TP1/TANK6_CONTINUED_Reflection__7__07.txt","TANK6_CONTINUED_Reflection__7__07.txt",2026-06-12 11:08:30.041239,6,6
"468","sc-ssid03-04182026","South Canyon",6,"+2C",2,27,NA,"data/TP1/TANK6_CONTINUED_Reflection__8__08.txt","TANK6_CONTINUED_Reflection__8__08.txt",2026-06-12 11:08:39.174145,6,6
"469","sc-ssid03-04182026","South Canyon",6,"+2C",3,28,NA,"data/TP1/TANK6_CONTINUED_Reflection__9__09.txt","TANK6_CONTINUED_Reflection__9__09.txt",2026-06-12 11:08:57.126831,6,6
"470","sc-ssid17-04182026","South Canyon",6,"+2C",1,35,NA,"data/TP1/TANK6_CONTINUED_Reflection__16__16.txt","TANK6_CONTINUED_Reflection__16__16.txt",2026-06-12 11:24:19.582083,6,6
"471","sc-ssid17-04182026","South Canyon",6,"+2C",2,36,NA,"data/TP1/TANK6_CONTINUED_Reflection__17__17.txt","TANK6_CONTINUED_Reflection__17__17.txt",2026-06-12 11:24:35.304626,6,6
"472","sc-ssid17-04182026","South Canyon",6,"+2C",3,37,NA,"data/TP1/TANK6_CONTINUED_Reflection__18__18.txt","TANK6_CONTINUED_Reflection__18__18.txt",2026-06-12 11:24:49.316948,6,6
"473","skeleton_tank6",NA,6,"+2C",1,81,NA,"data/TP1/TANK6_CONTINUED_Reflection__62__62.txt","TANK6_CONTINUED_Reflection__62__62.txt",2026-06-12 11:47:34.565374,6,6
"474","skeleton_tank6",NA,6,"+2C",2,82,NA,"data/TP1/TANK6_CONTINUED_Reflection__63__63.txt","TANK6_CONTINUED_Reflection__63__63.txt",2026-06-12 11:47:50.940445,6,6
"475","skeleton_tank6",NA,6,"+2C",3,83,NA,"data/TP1/TANK6_CONTINUED_Reflection__64__64.txt","TANK6_CONTINUED_Reflection__64__64.txt",2026-06-12 11:48:16.501425,6,6
"476","spectralon_tank6",NA,6,"+2C",1,19,NA,"data/TP1/TANK6_CONTINUED_Reflection__0__00.txt","TANK6_CONTINUED_Reflection__0__00.txt",2026-06-12 11:01:59.929708,6,6
"477","DB-sid03-051426","Dania",7,"control",1,29,NA,"data/TP1/TANK7_Reflection__28__28.txt","TANK7_Reflection__28__28.txt",2026-06-11 19:58:27.09506,7,7
"478","DB-sid03-051426","Dania",7,"control",2,30,NA,"data/TP1/TANK7_Reflection__29__29.txt","TANK7_Reflection__29__29.txt",2026-06-11 19:58:43.475569,7,7
"479","DB-sid03-051426","Dania",7,"control",3,31,NA,"data/TP1/TANK7_Reflection__30__30.txt","TANK7_Reflection__30__30.txt",2026-06-11 19:59:14.798229,7,7
"480","DB-sid21-051426","Dania",7,"control",1,57,NA,"data/TP1/TANK7_Reflection__56__56.txt","TANK7_Reflection__56__56.txt",2026-06-11 20:57:33.198847,7,7
"481","DB-sid21-051426","Dania",7,"control",2,58,NA,"data/TP1/TANK7_Reflection__57__57.txt","TANK7_Reflection__57__57.txt",2026-06-11 20:57:46.843065,7,7
"482","DB-sid21-051426","Dania",7,"control",3,59,NA,"data/TP1/TANK7_Reflection__58__58.txt","TANK7_Reflection__58__58.txt",2026-06-11 20:58:05.673313,7,7
"483","DB-sid29-051426","Dania",7,"control",1,60,NA,"data/TP1/TANK7_Reflection__59__59.txt","TANK7_Reflection__59__59.txt",2026-06-11 20:58:39.640057,7,7
"484","DB-sid29-051426","Dania",7,"control",2,61,NA,"data/TP1/TANK7_Reflection__60__60.txt","TANK7_Reflection__60__60.txt",2026-06-11 20:58:49.350544,7,7
"485","DB-sid29-051426","Dania",7,"control",3,62,NA,"data/TP1/TANK7_Reflection__61__61.txt","TANK7_Reflection__61__61.txt",2026-06-11 20:59:00.280886,7,7
"486","EMERALD-sid07-052026","Emerald Reef",7,"control",1,2,NA,"data/TP1/TANK7_Reflection__1__01.txt","TANK7_Reflection__1__01.txt",2026-06-11 19:32:32.032972,7,7
"487","EMERALD-sid07-052026","Emerald Reef",7,"control",2,3,NA,"data/TP1/TANK7_Reflection__2__02.txt","TANK7_Reflection__2__02.txt",2026-06-11 19:32:44.193624,7,7
"488","EMERALD-sid07-052026","Emerald Reef",7,"control",3,4,NA,"data/TP1/TANK7_Reflection__3__03.txt","TANK7_Reflection__3__03.txt",2026-06-11 19:33:07.602673,7,7
"489","EMERALD-sid09-052026","Emerald Reef",7,"control",1,76,NA,"data/TP1/TANK7_Reflection__75__75.txt","TANK7_Reflection__75__75.txt",2026-06-11 21:06:42.057961,7,7
"490","EMERALD-sid09-052026","Emerald Reef",7,"control",2,77,NA,"data/TP1/TANK7_Reflection__76__76.txt","TANK7_Reflection__76__76.txt",2026-06-11 21:06:55.739471,7,7
"491","EMERALD-sid09-052026","Emerald Reef",7,"control",3,78,NA,"data/TP1/TANK7_Reflection__77__77.txt","TANK7_Reflection__77__77.txt",2026-06-11 21:07:18.591673,7,7
"492","EMERALD-sid14-052026","Emerald Reef",7,"control",1,45,NA,"data/TP1/TANK7_Reflection__44__44.txt","TANK7_Reflection__44__44.txt",2026-06-11 20:45:25.096083,7,7
"493","EMERALD-sid14-052026","Emerald Reef",7,"control",2,46,NA,"data/TP1/TANK7_Reflection__45__45.txt","TANK7_Reflection__45__45.txt",2026-06-11 20:46:17.625862,7,7
"494","EMERALD-sid14-052026","Emerald Reef",7,"control",3,47,NA,"data/TP1/TANK7_Reflection__46__46.txt","TANK7_Reflection__46__46.txt",2026-06-11 20:47:05.76943,7,7
"495","GRA-sid30-051426","Graceland",7,"control",1,5,NA,"data/TP1/TANK7_Reflection__4__04.txt","TANK7_Reflection__4__04.txt",2026-06-11 19:34:36.44577,7,7
"496","GRA-sid30-051426","Graceland",7,"control",2,6,NA,"data/TP1/TANK7_Reflection__5__05.txt","TANK7_Reflection__5__05.txt",2026-06-11 19:34:47.081125,7,7
"497","GRA-sid30-051426","Graceland",7,"control",3,7,NA,"data/TP1/TANK7_Reflection__6__06.txt","TANK7_Reflection__6__06.txt",2026-06-11 19:34:58.63653,7,7
"498","GRA-sid31-051426","Graceland",7,"control",1,69,NA,"data/TP1/TANK7_Reflection__68__68.txt","TANK7_Reflection__68__68.txt",2026-06-11 21:02:51.385811,7,7
"499","GRA-sid31-051426","Graceland",7,"control",2,70,NA,"data/TP1/TANK7_Reflection__69__69.txt","TANK7_Reflection__69__69.txt",2026-06-11 21:03:02.338303,7,7
"500","GRA-sid31-051426","Graceland",7,"control",3,71,NA,"data/TP1/TANK7_Reflection__70__70.txt","TANK7_Reflection__70__70.txt",2026-06-11 21:03:19.366432,7,7
"501","HB-sid02-051426","Hollywood",7,"control",1,36,NA,"data/TP1/TANK7_Reflection__35__35.txt","TANK7_Reflection__35__35.txt",2026-06-11 20:07:11.011646,7,7
"502","HB-sid02-051426","Hollywood",7,"control",2,37,NA,"data/TP1/TANK7_Reflection__36__36.txt","TANK7_Reflection__36__36.txt",2026-06-11 20:07:43.262394,7,7
"503","HB-sid02-051426","Hollywood",7,"control",3,38,NA,"data/TP1/TANK7_Reflection__37__37.txt","TANK7_Reflection__37__37.txt",2026-06-11 20:08:09.420601,7,7
"504","JR-sid27-052026","JR's Ledge",7,"control",1,72,NA,"data/TP1/TANK7_Reflection__71__71.txt","TANK7_Reflection__71__71.txt",2026-06-11 21:03:51.872326,7,7
"505","JR-sid27-052026","JR's Ledge",7,"control",3,74,NA,"data/TP1/TANK7_Reflection__73__73.txt","TANK7_Reflection__73__73.txt",2026-06-11 21:04:40.840673,7,7
"506","JR-sid27-052026","JR's Ledge",7,"control",4,75,NA,"data/TP1/TANK7_Reflection__74__74.txt","TANK7_Reflection__74__74.txt",2026-06-11 21:05:03.295292,7,7
"507","JR-sid37-052026","JR's Ledge",7,"control",1,8,NA,"data/TP1/TANK7_Reflection__7__07.txt","TANK7_Reflection__7__07.txt",2026-06-11 19:35:46.153469,7,7
"508","JR-sid37-052026","JR's Ledge",7,"control",2,9,NA,"data/TP1/TANK7_Reflection__8__08.txt","TANK7_Reflection__8__08.txt",2026-06-11 19:36:08.743406,7,7
"509","JR-sid37-052026","JR's Ledge",7,"control",3,10,NA,"data/TP1/TANK7_Reflection__9__09.txt","TANK7_Reflection__9__09.txt",2026-06-11 19:36:25.498739,7,7
"510","JR-sid38-052026","JR's Ledge",7,"control",1,63,NA,"data/TP1/TANK7_Reflection__62__62.txt","TANK7_Reflection__62__62.txt",2026-06-11 20:59:39.179869,7,7
"511","JR-sid38-052026","JR's Ledge",7,"control",2,64,NA,"data/TP1/TANK7_Reflection__63__63.txt","TANK7_Reflection__63__63.txt",2026-06-11 21:00:47.447964,7,7
"512","JR-sid38-052026","JR's Ledge",7,"control",3,65,NA,"data/TP1/TANK7_Reflection__64__64.txt","TANK7_Reflection__64__64.txt",2026-06-11 21:01:24.173155,7,7
"513","REV-sid11-052026","Reverse Reef",7,"control",1,66,NA,"data/TP1/TANK7_Reflection__65__65.txt","TANK7_Reflection__65__65.txt",2026-06-11 21:02:03.71328,7,7
"514","REV-sid11-052026","Reverse Reef",7,"control",2,67,NA,"data/TP1/TANK7_Reflection__66__66.txt","TANK7_Reflection__66__66.txt",2026-06-11 21:02:14.634638,7,7
"515","REV-sid11-052026","Reverse Reef",7,"control",3,68,NA,"data/TP1/TANK7_Reflection__67__67.txt","TANK7_Reflection__67__67.txt",2026-06-11 21:02:24.954222,7,7
"516","REV-sid32-052026","Reverse Reef",7,"control",1,54,NA,"data/TP1/TANK7_Reflection__53__53.txt","TANK7_Reflection__53__53.txt",2026-06-11 20:54:32.911913,7,7
"517","REV-sid32-052026","Reverse Reef",7,"control",2,55,NA,"data/TP1/TANK7_Reflection__54__54.txt","TANK7_Reflection__54__54.txt",2026-06-11 20:55:05.882397,7,7
"518","REV-sid32-052026","Reverse Reef",7,"control",3,56,NA,"data/TP1/TANK7_Reflection__55__55.txt","TANK7_Reflection__55__55.txt",2026-06-11 20:55:57.395472,7,7
"519","URB-sid04-052826","Dodge Island",7,"control",1,20,NA,"data/TP1/TANK7_Reflection__19__19.txt","TANK7_Reflection__19__19.txt",2026-06-11 19:47:45.189671,7,7
"520","URB-sid04-052826","Dodge Island",7,"control",2,21,NA,"data/TP1/TANK7_Reflection__20__20.txt","TANK7_Reflection__20__20.txt",2026-06-11 19:47:58.266588,7,7
"521","URB-sid04-052826","Dodge Island",7,"control",3,22,NA,"data/TP1/TANK7_Reflection__21__21.txt","TANK7_Reflection__21__21.txt",2026-06-11 19:48:33.572948,7,7
"522","URB-sid26-052826","Dodge Island",7,"control",1,26,NA,"data/TP1/TANK7_Reflection__25__25.txt","TANK7_Reflection__25__25.txt",2026-06-11 19:56:52.106462,7,7
"523","URB-sid26-052826","Dodge Island",7,"control",2,27,NA,"data/TP1/TANK7_Reflection__26__26.txt","TANK7_Reflection__26__26.txt",2026-06-11 19:57:15.738174,7,7
"524","URB-sid26-052826","Dodge Island",7,"control",3,28,NA,"data/TP1/TANK7_Reflection__27__27.txt","TANK7_Reflection__27__27.txt",2026-06-11 19:57:28.19698,7,7
"525","URB-sid36-052826","Dodge Island",7,"control",1,17,NA,"data/TP1/TANK7_Reflection__16__16.txt","TANK7_Reflection__16__16.txt",2026-06-11 19:46:44.131271,7,7
"526","URB-sid36-052826","Dodge Island",7,"control",2,18,NA,"data/TP1/TANK7_Reflection__17__17.txt","TANK7_Reflection__17__17.txt",2026-06-11 19:47:07.756557,7,7
"527","URB-sid36-052826","Dodge Island",7,"control",3,19,NA,"data/TP1/TANK7_Reflection__18__18.txt","TANK7_Reflection__18__18.txt",2026-06-11 19:47:20.525055,7,7
"528","cave-ssid20-04162026","Caves",7,"control",2,33,NA,"data/TP1/TANK7_Reflection__32__32.txt","TANK7_Reflection__32__32.txt",2026-06-11 20:00:14.677633,7,7
"529","cave-ssid20-04162026","Caves",7,"control",3,34,NA,"data/TP1/TANK7_Reflection__33__33.txt","TANK7_Reflection__33__33.txt",2026-06-11 20:01:06.391125,7,7
"530","cave-ssid20-04162026","Caves",7,"control",4,35,NA,"data/TP1/TANK7_Reflection__34__34.txt","TANK7_Reflection__34__34.txt",2026-06-11 20:02:51.684917,7,7
"531","cave-ssid29-04162026","Caves",7,"control",1,14,NA,"data/TP1/TANK7_Reflection__13__13.txt","TANK7_Reflection__13__13.txt",2026-06-11 19:44:36.176949,7,7
"532","cave-ssid29-04162026","Caves",7,"control",2,15,NA,"data/TP1/TANK7_Reflection__14__14.txt","TANK7_Reflection__14__14.txt",2026-06-11 19:44:53.211582,7,7
"533","cave-ssid29-04162026","Caves",7,"control",3,16,NA,"data/TP1/TANK7_Reflection__15__15.txt","TANK7_Reflection__15__15.txt",2026-06-11 19:45:13.29608,7,7
"534","ftlb1-ssid10-03232026","BAR",7,"control",1,39,NA,"data/TP1/TANK7_Reflection__38__38.txt","TANK7_Reflection__38__38.txt",2026-06-11 20:40:43.756361,7,7
"535","ftlb1-ssid10-03232026","BAR",7,"control",2,40,NA,"data/TP1/TANK7_Reflection__39__39.txt","TANK7_Reflection__39__39.txt",2026-06-11 20:40:55.285772,7,7
"536","ftlb1-ssid10-03232026","BAR",7,"control",3,41,NA,"data/TP1/TANK7_Reflection__40__40.txt","TANK7_Reflection__40__40.txt",2026-06-11 20:41:07.437164,7,7
"537","ftlb1-ssid16-03232026","BAR",7,"control",1,51,NA,"data/TP1/TANK7_Reflection__50__50.txt","TANK7_Reflection__50__50.txt",2026-06-11 20:52:06.917284,7,7
"538","ftlb1-ssid16-03232026","BAR",7,"control",2,52,NA,"data/TP1/TANK7_Reflection__51__51.txt","TANK7_Reflection__51__51.txt",2026-06-11 20:52:22.37863,7,7
"539","ftlb1-ssid16-03232026","BAR",7,"control",3,53,NA,"data/TP1/TANK7_Reflection__52__52.txt","TANK7_Reflection__52__52.txt",2026-06-11 20:52:37.61941,7,7
"540","ftlb2-ssid14-03222026","BAR",7,"control",1,42,NA,"data/TP1/TANK7_Reflection__41__41.txt","TANK7_Reflection__41__41.txt",2026-06-11 20:44:11.861702,7,7
"541","ftlb2-ssid14-03222026","BAR",7,"control",2,43,NA,"data/TP1/TANK7_Reflection__42__42.txt","TANK7_Reflection__42__42.txt",2026-06-11 20:44:25.506533,7,7
"542","ftlb2-ssid14-03222026","BAR",7,"control",3,44,NA,"data/TP1/TANK7_Reflection__43__43.txt","TANK7_Reflection__43__43.txt",2026-06-11 20:44:39.477667,7,7
"543","sc-ssid15-04182026","South Canyon",7,"control",1,23,NA,"data/TP1/TANK7_Reflection__22__22.txt","TANK7_Reflection__22__22.txt",2026-06-11 19:51:19.496847,7,7
"544","sc-ssid15-04182026","South Canyon",7,"control",2,24,NA,"data/TP1/TANK7_Reflection__23__23.txt","TANK7_Reflection__23__23.txt",2026-06-11 19:51:35.008743,7,7
"545","sc-ssid15-04182026","South Canyon",7,"control",3,25,NA,"data/TP1/TANK7_Reflection__24__24.txt","TANK7_Reflection__24__24.txt",2026-06-11 19:51:56.268272,7,7
"546","sc-ssid22-04182026","South Canyon",7,"control",1,11,NA,"data/TP1/TANK7_Reflection__10__10.txt","TANK7_Reflection__10__10.txt",2026-06-11 19:36:49.614428,7,7
"547","sc-ssid22-04182026","South Canyon",7,"control",2,12,NA,"data/TP1/TANK7_Reflection__11__11.txt","TANK7_Reflection__11__11.txt",2026-06-11 19:37:02.136528,7,7
"548","sc-ssid22-04182026","South Canyon",7,"control",3,13,NA,"data/TP1/TANK7_Reflection__12__12.txt","TANK7_Reflection__12__12.txt",2026-06-11 19:37:14.327507,7,7
"549","sc-ssid26-04182026","South Canyon",7,"control",1,48,NA,"data/TP1/TANK7_Reflection__47__47.txt","TANK7_Reflection__47__47.txt",2026-06-11 20:49:03.776859,7,7
"550","sc-ssid26-04182026","South Canyon",7,"control",2,49,NA,"data/TP1/TANK7_Reflection__48__48.txt","TANK7_Reflection__48__48.txt",2026-06-11 20:49:27.498075,7,7
"551","sc-ssid26-04182026","South Canyon",7,"control",3,50,NA,"data/TP1/TANK7_Reflection__49__49.txt","TANK7_Reflection__49__49.txt",2026-06-11 20:49:50.857779,7,7
"552","skeleton_tank7",NA,7,"control",1,79,NA,"data/TP1/TANK7_Reflection__78__78.txt","TANK7_Reflection__78__78.txt",2026-06-11 21:07:54.796839,7,7
"553","skeleton_tank7",NA,7,"control",2,80,NA,"data/TP1/TANK7_Reflection__79__79.txt","TANK7_Reflection__79__79.txt",2026-06-11 21:08:06.345186,7,7
"554","skeleton_tank7",NA,7,"control",3,81,NA,"data/TP1/TANK7_Reflection__80__80.txt","TANK7_Reflection__80__80.txt",2026-06-11 21:08:18.821011,7,7
"555","spectralon_tank7",NA,7,"control",1,1,NA,"data/TP1/TANK7_Reflection__0__00.txt","TANK7_Reflection__0__00.txt",2026-06-11 19:29:39.703327,7,7
"556","DB-sid18-051426","Dania",8,"+4C",1,35,NA,"data/TP1/TANK8_Reflection__34__34.txt","TANK8_Reflection__34__34.txt",2026-06-11 21:53:14.388807,8,8
"557","DB-sid18-051426","Dania",8,"+4C",2,36,NA,"data/TP1/TANK8_Reflection__35__35.txt","TANK8_Reflection__35__35.txt",2026-06-11 21:53:58.548933,8,8
"558","DB-sid18-051426","Dania",8,"+4C",3,37,NA,"data/TP1/TANK8_Reflection__36__36.txt","TANK8_Reflection__36__36.txt",2026-06-11 21:54:11.146618,8,8
"559","DB-sid22-051426","Dania",8,"+4C",1,32,NA,"data/TP1/TANK8_Reflection__31__31.txt","TANK8_Reflection__31__31.txt",2026-06-11 21:50:03.228231,8,8
"560","DB-sid22-051426","Dania",8,"+4C",2,33,NA,"data/TP1/TANK8_Reflection__32__32.txt","TANK8_Reflection__32__32.txt",2026-06-11 21:50:35.664925,8,8
"561","DB-sid22-051426","Dania",8,"+4C",3,34,NA,"data/TP1/TANK8_Reflection__33__33.txt","TANK8_Reflection__33__33.txt",2026-06-11 21:50:59.266893,8,8
"562","DB-sid35-051426","Dania",8,"+4C",1,65,NA,"data/TP1/TANK8_Reflection__64__64.txt","TANK8_Reflection__64__64.txt",2026-06-11 22:10:40.469938,8,8
"563","DB-sid35-051426","Dania",8,"+4C",2,66,NA,"data/TP1/TANK8_Reflection__65__65.txt","TANK8_Reflection__65__65.txt",2026-06-11 22:10:53.092897,8,8
"564","DB-sid35-051426","Dania",8,"+4C",3,67,NA,"data/TP1/TANK8_Reflection__66__66.txt","TANK8_Reflection__66__66.txt",2026-06-11 22:11:03.180531,8,8
"565","EMERALD-sid02-052026","Emerald Reef",8,"+4C",1,5,NA,"data/TP1/TANK8_Reflection__4__04.txt","TANK8_Reflection__4__04.txt",2026-06-11 21:36:51.987978,8,8
"566","EMERALD-sid02-052026","Emerald Reef",8,"+4C",2,6,NA,"data/TP1/TANK8_Reflection__5__05.txt","TANK8_Reflection__5__05.txt",2026-06-11 21:37:07.953033,8,8
"567","EMERALD-sid02-052026","Emerald Reef",8,"+4C",3,7,NA,"data/TP1/TANK8_Reflection__6__06.txt","TANK8_Reflection__6__06.txt",2026-06-11 21:37:21.815369,8,8
"568","EMERALD-sid19-052026","Emerald Reef",8,"+4C",1,47,NA,"data/TP1/TANK8_Reflection__46__46.txt","TANK8_Reflection__46__46.txt",2026-06-11 21:59:52.56918,8,8
"569","EMERALD-sid19-052026","Emerald Reef",8,"+4C",2,48,NA,"data/TP1/TANK8_Reflection__47__47.txt","TANK8_Reflection__47__47.txt",2026-06-11 22:00:19.463846,8,8
"570","EMERALD-sid19-052026","Emerald Reef",8,"+4C",3,49,NA,"data/TP1/TANK8_Reflection__48__48.txt","TANK8_Reflection__48__48.txt",2026-06-11 22:00:32.080015,8,8
"571","EMERALD-sid30-052026","Emerald Reef",8,"+4C",1,71,NA,"data/TP1/TANK8_Reflection__70__70.txt","TANK8_Reflection__70__70.txt",2026-06-11 22:14:08.246677,8,8
"572","EMERALD-sid30-052026","Emerald Reef",8,"+4C",2,72,NA,"data/TP1/TANK8_Reflection__71__71.txt","TANK8_Reflection__71__71.txt",2026-06-11 22:14:29.694153,8,8
"573","EMERALD-sid30-052026","Emerald Reef",8,"+4C",3,73,NA,"data/TP1/TANK8_Reflection__72__72.txt","TANK8_Reflection__72__72.txt",2026-06-11 22:15:09.261547,8,8
"574","GRA-sid03-051426","Graceland",8,"+4C",1,11,NA,"data/TP1/TANK8_Reflection__10__10.txt","TANK8_Reflection__10__10.txt",2026-06-11 21:38:57.223604,8,8
"575","GRA-sid03-051426","Graceland",8,"+4C",2,12,NA,"data/TP1/TANK8_Reflection__11__11.txt","TANK8_Reflection__11__11.txt",2026-06-11 21:39:06.8911,8,8
"576","GRA-sid03-051426","Graceland",8,"+4C",3,13,NA,"data/TP1/TANK8_Reflection__12__12.txt","TANK8_Reflection__12__12.txt",2026-06-11 21:39:17.396442,8,8
"577","GRA-sid19-051426","Graceland",8,"+4C",1,14,NA,"data/TP1/TANK8_Reflection__13__13.txt","TANK8_Reflection__13__13.txt",2026-06-11 21:40:10.801876,8,8
"578","GRA-sid19-051426","Graceland",8,"+4C",2,15,NA,"data/TP1/TANK8_Reflection__14__14.txt","TANK8_Reflection__14__14.txt",2026-06-11 21:40:29.310951,8,8
"579","GRA-sid19-051426","Graceland",8,"+4C",3,16,NA,"data/TP1/TANK8_Reflection__15__15.txt","TANK8_Reflection__15__15.txt",2026-06-11 21:40:47.403835,8,8
"580","HB-sid08-051426","Hollywood",8,"+4C",1,74,NA,"data/TP1/TANK8_Reflection__73__73.txt","TANK8_Reflection__73__73.txt",2026-06-11 22:21:21.475922,8,8
"581","HB-sid08-051426","Hollywood",8,"+4C",2,75,NA,"data/TP1/TANK8_Reflection__74__74.txt","TANK8_Reflection__74__74.txt",2026-06-11 22:21:35.354908,8,8
"582","HB-sid08-051426","Hollywood",8,"+4C",3,76,NA,"data/TP1/TANK8_Reflection__75__75.txt","TANK8_Reflection__75__75.txt",2026-06-11 22:21:47.55415,8,8
"583","JR-sid07-052026","JR's Ledge",8,"+4C",1,59,NA,"data/TP1/TANK8_Reflection__58__58.txt","TANK8_Reflection__58__58.txt",2026-06-11 22:08:04.105566,8,8
"584","JR-sid07-052026","JR's Ledge",8,"+4C",2,60,NA,"data/TP1/TANK8_Reflection__59__59.txt","TANK8_Reflection__59__59.txt",2026-06-11 22:08:42.314882,8,8
"585","JR-sid07-052026","JR's Ledge",8,"+4C",3,61,NA,"data/TP1/TANK8_Reflection__60__60.txt","TANK8_Reflection__60__60.txt",2026-06-11 22:09:02.909483,8,8
"586","JR-sid13-052026","JR's Ledge",8,"+4C",1,44,NA,"data/TP1/TANK8_Reflection__43__43.txt","TANK8_Reflection__43__43.txt",2026-06-11 21:57:33.878643,8,8
"587","JR-sid13-052026","JR's Ledge",8,"+4C",2,45,NA,"data/TP1/TANK8_Reflection__44__44.txt","TANK8_Reflection__44__44.txt",2026-06-11 21:58:10.056698,8,8
"588","JR-sid13-052026","JR's Ledge",8,"+4C",3,46,NA,"data/TP1/TANK8_Reflection__45__45.txt","TANK8_Reflection__45__45.txt",2026-06-11 21:58:43.23037,8,8
"589","JR-sid32-052026","JR's Ledge",8,"+4C",1,50,NA,"data/TP1/TANK8_Reflection__49__49.txt","TANK8_Reflection__49__49.txt",2026-06-11 22:01:16.28224,8,8
"590","JR-sid32-052026","JR's Ledge",8,"+4C",2,51,NA,"data/TP1/TANK8_Reflection__50__50.txt","TANK8_Reflection__50__50.txt",2026-06-11 22:01:27.208416,8,8
"591","JR-sid32-052026","JR's Ledge",8,"+4C",3,52,NA,"data/TP1/TANK8_Reflection__51__51.txt","TANK8_Reflection__51__51.txt",2026-06-11 22:01:38.537008,8,8
"592","REV-sid02-052026","Reverse Reef",8,"+4C",1,62,NA,"data/TP1/TANK8_Reflection__61__61.txt","TANK8_Reflection__61__61.txt",2026-06-11 22:09:38.247509,8,8
"593","REV-sid02-052026","Reverse Reef",8,"+4C",2,63,NA,"data/TP1/TANK8_Reflection__62__62.txt","TANK8_Reflection__62__62.txt",2026-06-11 22:09:51.690741,8,8
"594","REV-sid02-052026","Reverse Reef",8,"+4C",3,64,NA,"data/TP1/TANK8_Reflection__63__63.txt","TANK8_Reflection__63__63.txt",2026-06-11 22:10:15.663757,8,8
"595","REV-sid22-052026","Reverse Reef",8,"+4C",1,56,NA,"data/TP1/TANK8_Reflection__55__55.txt","TANK8_Reflection__55__55.txt",2026-06-11 22:05:00.712387,8,8
"596","REV-sid22-052026","Reverse Reef",8,"+4C",2,57,NA,"data/TP1/TANK8_Reflection__56__56.txt","TANK8_Reflection__56__56.txt",2026-06-11 22:06:17.275003,8,8
"597","REV-sid22-052026","Reverse Reef",8,"+4C",3,58,NA,"data/TP1/TANK8_Reflection__57__57.txt","TANK8_Reflection__57__57.txt",2026-06-11 22:06:58.116207,8,8
"598","URB-sid01-052826","Dodge Island",8,"+4C",1,2,NA,"data/TP1/TANK8_Reflection__1__01.txt","TANK8_Reflection__1__01.txt",2026-06-11 21:28:43.552748,8,8
"599","URB-sid01-052826","Dodge Island",8,"+4C",2,3,NA,"data/TP1/TANK8_Reflection__2__02.txt","TANK8_Reflection__2__02.txt",2026-06-11 21:29:02.476883,8,8
"600","URB-sid01-052826","Dodge Island",8,"+4C",3,4,NA,"data/TP1/TANK8_Reflection__3__03.txt","TANK8_Reflection__3__03.txt",2026-06-11 21:29:15.076733,8,8
"601","URB-sid13-052826","Dodge Island",8,"+4C",1,41,NA,"data/TP1/TANK8_Reflection__40__40.txt","TANK8_Reflection__40__40.txt",2026-06-11 21:55:56.759626,8,8
"602","URB-sid13-052826","Dodge Island",8,"+4C",2,42,NA,"data/TP1/TANK8_Reflection__41__41.txt","TANK8_Reflection__41__41.txt",2026-06-11 21:56:29.147469,8,8
"603","URB-sid13-052826","Dodge Island",8,"+4C",3,43,NA,"data/TP1/TANK8_Reflection__42__42.txt","TANK8_Reflection__42__42.txt",2026-06-11 21:56:43.437098,8,8
"604","URB-sid23-052826","Dodge Island",8,"+4C",1,20,NA,"data/TP1/TANK8_Reflection__19__19.txt","TANK8_Reflection__19__19.txt",2026-06-11 21:44:59.898359,8,8
"605","URB-sid23-052826","Dodge Island",8,"+4C",2,21,NA,"data/TP1/TANK8_Reflection__20__20.txt","TANK8_Reflection__20__20.txt",2026-06-11 21:45:17.577734,8,8
"606","URB-sid23-052826","Dodge Island",8,"+4C",3,22,NA,"data/TP1/TANK8_Reflection__21__21.txt","TANK8_Reflection__21__21.txt",2026-06-11 21:45:30.189274,8,8
"607","cave-ssid15-04162026","Caves",8,"+4C",1,68,NA,"data/TP1/TANK8_Reflection__67__67.txt","TANK8_Reflection__67__67.txt",2026-06-11 22:11:27.170406,8,8
"608","cave-ssid15-04162026","Caves",8,"+4C",2,69,NA,"data/TP1/TANK8_Reflection__68__68.txt","TANK8_Reflection__68__68.txt",2026-06-11 22:11:49.026466,8,8
"609","cave-ssid15-04162026","Caves",8,"+4C",3,70,NA,"data/TP1/TANK8_Reflection__69__69.txt","TANK8_Reflection__69__69.txt",2026-06-11 22:12:11.314955,8,8
"610","cave-ssid19-04162026","Caves",8,"+4C",1,23,NA,"data/TP1/TANK8_Reflection__22__22.txt","TANK8_Reflection__22__22.txt",2026-06-11 21:46:09.326372,8,8
"611","cave-ssid19-04162026","Caves",8,"+4C",2,24,NA,"data/TP1/TANK8_Reflection__23__23.txt","TANK8_Reflection__23__23.txt",2026-06-11 21:46:50.10597,8,8
"612","cave-ssid19-04162026","Caves",8,"+4C",3,25,NA,"data/TP1/TANK8_Reflection__24__24.txt","TANK8_Reflection__24__24.txt",2026-06-11 21:47:18.719446,8,8
"613","ftlb1-ssid05-03232026","BAR",8,"+4C",1,29,NA,"data/TP1/TANK8_Reflection__28__28.txt","TANK8_Reflection__28__28.txt",2026-06-11 21:48:54.201677,8,8
"614","ftlb1-ssid05-03232026","BAR",8,"+4C",2,30,NA,"data/TP1/TANK8_Reflection__29__29.txt","TANK8_Reflection__29__29.txt",2026-06-11 21:49:14.838438,8,8
"615","ftlb1-ssid05-03232026","BAR",8,"+4C",3,31,NA,"data/TP1/TANK8_Reflection__30__30.txt","TANK8_Reflection__30__30.txt",2026-06-11 21:49:25.768684,8,8
"616","ftlb1-ssid11-03232026","BAR",8,"+4C",1,26,NA,"data/TP1/TANK8_Reflection__25__25.txt","TANK8_Reflection__25__25.txt",2026-06-11 21:47:49.457462,8,8
"617","ftlb1-ssid11-03232026","BAR",8,"+4C",2,27,NA,"data/TP1/TANK8_Reflection__26__26.txt","TANK8_Reflection__26__26.txt",2026-06-11 21:48:01.657804,8,8
"618","ftlb1-ssid11-03232026","BAR",8,"+4C",3,28,NA,"data/TP1/TANK8_Reflection__27__27.txt","TANK8_Reflection__27__27.txt",2026-06-11 21:48:20.148579,8,8
"619","ftlb1-ssid15-03232026","BAR",8,"+4C",1,53,NA,"data/TP1/TANK8_Reflection__52__52.txt","TANK8_Reflection__52__52.txt",2026-06-11 22:03:29.905277,8,8
"620","ftlb1-ssid15-03232026","BAR",8,"+4C",2,54,NA,"data/TP1/TANK8_Reflection__53__53.txt","TANK8_Reflection__53__53.txt",2026-06-11 22:03:42.933136,8,8
"621","ftlb1-ssid15-03232026","BAR",8,"+4C",3,55,NA,"data/TP1/TANK8_Reflection__54__54.txt","TANK8_Reflection__54__54.txt",2026-06-11 22:04:21.197565,8,8
"622","sc-ssid01-04182026","South Canyon",8,"+4C",1,8,NA,"data/TP1/TANK8_Reflection__7__07.txt","TANK8_Reflection__7__07.txt",2026-06-11 21:38:02.58828,8,8
"623","sc-ssid01-04182026","South Canyon",8,"+4C",2,9,NA,"data/TP1/TANK8_Reflection__8__08.txt","TANK8_Reflection__8__08.txt",2026-06-11 21:38:16.443525,8,8
"624","sc-ssid01-04182026","South Canyon",8,"+4C",3,10,NA,"data/TP1/TANK8_Reflection__9__09.txt","TANK8_Reflection__9__09.txt",2026-06-11 21:38:29.89554,8,8
"625","sc-ssid23-04182026","South Canyon",8,"+4C",1,38,NA,"data/TP1/TANK8_Reflection__37__37.txt","TANK8_Reflection__37__37.txt",2026-06-11 21:54:32.173349,8,8
"626","sc-ssid23-04182026","South Canyon",8,"+4C",2,39,NA,"data/TP1/TANK8_Reflection__38__38.txt","TANK8_Reflection__38__38.txt",2026-06-11 21:54:43.108534,8,8
"627","sc-ssid23-04182026","South Canyon",8,"+4C",3,40,NA,"data/TP1/TANK8_Reflection__39__39.txt","TANK8_Reflection__39__39.txt",2026-06-11 21:54:54.881477,8,8
"628","sc-ssid28-04182026","South Canyon",8,"+4C",1,17,NA,"data/TP1/TANK8_Reflection__16__16.txt","TANK8_Reflection__16__16.txt",2026-06-11 21:42:31.314476,8,8
"629","sc-ssid28-04182026","South Canyon",8,"+4C",2,18,NA,"data/TP1/TANK8_Reflection__17__17.txt","TANK8_Reflection__17__17.txt",2026-06-11 21:42:43.497721,8,8
"630","sc-ssid28-04182026","South Canyon",8,"+4C",3,19,NA,"data/TP1/TANK8_Reflection__18__18.txt","TANK8_Reflection__18__18.txt",2026-06-11 21:42:58.634357,8,8
"631","skeleton_tank8",NA,8,"+4C",1,77,NA,"data/TP1/TANK8_Reflection__76__76.txt","TANK8_Reflection__76__76.txt",2026-06-11 22:23:20.962114,8,8
"632","skeleton_tank8",NA,8,"+4C",2,78,NA,"data/TP1/TANK8_Reflection__77__77.txt","TANK8_Reflection__77__77.txt",2026-06-11 22:24:43.83209,8,8
"633","skeleton_tank8",NA,8,"+4C",3,79,NA,"data/TP1/TANK8_Reflection__78__78.txt","TANK8_Reflection__78__78.txt",2026-06-11 22:24:54.763758,8,8
"634","spectralon_tank8",NA,8,"+4C",1,1,NA,"data/TP1/TANK8_Reflection__0__00.txt","TANK8_Reflection__0__00.txt",2026-06-11 21:28:05.759682,8,8
"635","spectralon_tank9",NA,9,"+2C",1,1,NA,"data/TP1/TANK9_Reflection__0__00.txt","TANK9_Reflection__0__00.txt",2026-06-11 22:42:37.397232,9,9
"636","sc-ssid02-04182026","South Canyon",9,"+2C",1,2,"spectralon_tank9","data/TP1/TANK9_Reflection__1__01.txt","TANK9_Reflection__1__01.txt",2026-06-11 22:44:41.791245,9,9
"637","sc-ssid02-04182026","South Canyon",9,"+2C",2,3,"spectralon_tank9","data/TP1/TANK9_Reflection__2__02.txt","TANK9_Reflection__2__02.txt",2026-06-11 22:44:56.313925,9,9
"638","sc-ssid02-04182026","South Canyon",9,"+2C",3,4,"spectralon_tank9","data/TP1/TANK9_Reflection__3__03.txt","TANK9_Reflection__3__03.txt",2026-06-11 22:45:08.824001,9,9
"639","cave-ssid07-04162026","Caves",9,"+2C",1,5,"spectralon_tank9","data/TP1/TANK9_Reflection__4__04.txt","TANK9_Reflection__4__04.txt",2026-06-11 22:45:46.211031,9,9
"640","cave-ssid07-04162026","Caves",9,"+2C",2,6,"spectralon_tank9","data/TP1/TANK9_Reflection__5__05.txt","TANK9_Reflection__5__05.txt",2026-06-11 22:46:04.756845,9,9
"641","cave-ssid07-04162026","Caves",9,"+2C",3,7,"spectralon_tank9","data/TP1/TANK9_Reflection__6__06.txt","TANK9_Reflection__6__06.txt",2026-06-11 22:46:16.218872,9,9
"642","URB-sid31-052826","Dodge Island",9,"+2C",1,8,"spectralon_tank9","data/TP1/TANK9_Reflection__7__07.txt","TANK9_Reflection__7__07.txt",2026-06-11 22:47:24.594519,9,9
"643","URB-sid31-052826","Dodge Island",9,"+2C",2,9,"spectralon_tank9","data/TP1/TANK9_Reflection__8__08.txt","TANK9_Reflection__8__08.txt",2026-06-11 22:47:37.74052,9,9
"644","URB-sid31-052826","Dodge Island",9,"+2C",3,10,"spectralon_tank9","data/TP1/TANK9_Reflection__9__09.txt","TANK9_Reflection__9__09.txt",2026-06-11 22:48:15.094225,9,9
"645","sc-ssid12-04182026","South Canyon",9,"+2C",1,11,"spectralon_tank9","data/TP1/TANK9_Reflection__10__10.txt","TANK9_Reflection__10__10.txt",2026-06-11 22:49:45.22381,9,9
"646","sc-ssid12-04182026","South Canyon",9,"+2C",2,12,"spectralon_tank9","data/TP1/TANK9_Reflection__11__11.txt","TANK9_Reflection__11__11.txt",2026-06-11 22:49:56.666409,9,9
"647","sc-ssid12-04182026","South Canyon",9,"+2C",3,13,"spectralon_tank9","data/TP1/TANK9_Reflection__12__12.txt","TANK9_Reflection__12__12.txt",2026-06-11 22:50:28.347046,9,9
"648","DB-sid25-051426","Dania",9,"+2C",1,14,"spectralon_tank9","data/TP1/TANK9_Reflection__13__13.txt","TANK9_Reflection__13__13.txt",2026-06-11 22:52:09.854183,9,9
"649","DB-sid25-051426","Dania",9,"+2C",2,15,"spectralon_tank9","data/TP1/TANK9_Reflection__14__14.txt","TANK9_Reflection__14__14.txt",2026-06-11 22:54:58.839363,9,9
"650","DB-sid25-051426","Dania",9,"+2C",3,16,"spectralon_tank9","data/TP1/TANK9_Reflection__15__15.txt","TANK9_Reflection__15__15.txt",2026-06-11 22:55:15.998936,9,9
"651","ftlb1-ssid02-03232026","BAR",9,"+2C",1,17,"spectralon_tank9","data/TP1/TANK9_Reflection__0__48.txt","TANK9_Reflection__0__48.txt",2026-06-11 23:44:18.096451,9,9
"652","ftlb1-ssid02-03232026","BAR",9,"+2C",2,18,"spectralon_tank9","data/TP1/TANK9_Reflection__1__49.txt","TANK9_Reflection__1__49.txt",2026-06-11 23:45:49.683922,9,9
"653","ftlb1-ssid02-03232026","BAR",9,"+2C",3,19,"spectralon_tank9","data/TP1/TANK9_Reflection__2__50.txt","TANK9_Reflection__2__50.txt",2026-06-11 23:46:05.513519,9,9
"654","ftlb2-ssid15-03222026","BAR",9,"+2C",1,20,"spectralon_tank9","data/TP1/TANK9_Reflection__3__51.txt","TANK9_Reflection__3__51.txt",2026-06-11 23:47:04.434109,9,9
"655","ftlb2-ssid15-03222026","BAR",9,"+2C",2,21,"spectralon_tank9","data/TP1/TANK9_Reflection__4__52.txt","TANK9_Reflection__4__52.txt",2026-06-11 23:47:22.602571,9,9
"656","ftlb2-ssid15-03222026","BAR",9,"+2C",3,22,"spectralon_tank9","data/TP1/TANK9_Reflection__5__53.txt","TANK9_Reflection__5__53.txt",2026-06-11 23:47:45.867889,9,9
"657","REV-sid15-052026","Reverse Reef",9,"+2C",1,23,"spectralon_tank9","data/TP1/TANK9_Reflection__6__54.txt","TANK9_Reflection__6__54.txt",2026-06-11 23:48:31.241764,9,9
"658","REV-sid15-052026","Reverse Reef",9,"+2C",2,24,"spectralon_tank9","data/TP1/TANK9_Reflection__7__55.txt","TANK9_Reflection__7__55.txt",2026-06-11 23:49:00.900682,9,9
"659","REV-sid15-052026","Reverse Reef",9,"+2C",3,25,"spectralon_tank9","data/TP1/TANK9_Reflection__8__56.txt","TANK9_Reflection__8__56.txt",2026-06-11 23:49:22.454458,9,9
"660","HB-sid23-051426","Hollywood",9,"+2C",1,26,"spectralon_tank9","data/TP1/TANK9_Reflection__9__57.txt","TANK9_Reflection__9__57.txt",2026-06-11 23:49:50.081615,9,9
"661","HB-sid23-051426","Hollywood",9,"+2C",2,27,"spectralon_tank9","data/TP1/TANK9_Reflection__10__58.txt","TANK9_Reflection__10__58.txt",2026-06-11 23:50:05.23148,9,9
"662","HB-sid23-051426","Hollywood",9,"+2C",3,28,"spectralon_tank9","data/TP1/TANK9_Reflection__11__59.txt","TANK9_Reflection__11__59.txt",2026-06-11 23:50:28.770704,9,9
"663","URB-sid22-052826","Dodge Island",9,"+2C",1,29,"spectralon_tank9","data/TP1/TANK9_Reflection__12__60.txt","TANK9_Reflection__12__60.txt",2026-06-11 23:51:00.397482,9,9
"664","URB-sid22-052826","Dodge Island",9,"+2C",2,30,"spectralon_tank9","data/TP1/TANK9_Reflection__13__61.txt","TANK9_Reflection__13__61.txt",2026-06-11 23:51:27.681818,9,9
"665","URB-sid22-052826","Dodge Island",9,"+2C",3,31,"spectralon_tank9","data/TP1/TANK9_Reflection__14__62.txt","TANK9_Reflection__14__62.txt",2026-06-11 23:51:45.537346,9,9
"666","skeleton_tank9",NA,9,"+2C",1,32,"spectralon_tank9","data/TP1/TANK9_Reflection__0__81.txt","TANK9_Reflection__0__81.txt",2026-06-12 00:10:05.482018,9,9
"667","skeleton_tank9",NA,9,"+2C",2,33,"spectralon_tank9","data/TP1/TANK9_Reflection__1__82.txt","TANK9_Reflection__1__82.txt",2026-06-12 00:10:28.739006,9,9
"668","skeleton_tank9",NA,9,"+2C",3,34,"spectralon_tank9","data/TP1/TANK9_Reflection__2__83.txt","TANK9_Reflection__2__83.txt",2026-06-12 00:10:53.277201,9,9
"669","spectralon_tank9_cont",NA,9,"+2C",1,35,NA,"data/TP1/TANK9_CONTINUED_Reflection__0__00.txt","TANK9_CONTINUED_Reflection__0__00.txt",2026-06-12 08:49:47.972118,9,9
"670","URB-sid14-052826","Dodge Island",9,"+2C",1,36,NA,"data/TP1/TANK9_CONTINUED_Reflection__1__01.txt","TANK9_CONTINUED_Reflection__1__01.txt",2026-06-12 08:52:56.567108,9,9
"671","URB-sid14-052826","Dodge Island",9,"+2C",2,37,NA,"data/TP1/TANK9_CONTINUED_Reflection__2__02.txt","TANK9_CONTINUED_Reflection__2__02.txt",2026-06-12 08:53:10.269558,9,9
"672","URB-sid14-052826","Dodge Island",9,"+2C",3,38,NA,"data/TP1/TANK9_CONTINUED_Reflection__3__03.txt","TANK9_CONTINUED_Reflection__3__03.txt",2026-06-12 08:53:21.949158,9,9
"673","JR-sid22-052026","JR's Ledge",9,"+2C",1,39,NA,"data/TP1/TANK9_CONTINUED_Reflection__4__04.txt","TANK9_CONTINUED_Reflection__4__04.txt",2026-06-12 08:54:40.721439,9,9
"674","JR-sid22-052026","JR's Ledge",9,"+2C",2,40,NA,"data/TP1/TANK9_CONTINUED_Reflection__5__05.txt","TANK9_CONTINUED_Reflection__5__05.txt",2026-06-12 08:55:57.855307,9,9
"675","JR-sid22-052026","JR's Ledge",9,"+2C",3,41,NA,"data/TP1/TANK9_CONTINUED_Reflection__6__06.txt","TANK9_CONTINUED_Reflection__6__06.txt",2026-06-12 08:56:13.24608,9,9
"676","GRA-sid24-051426","Graceland",9,"+2C",1,42,NA,"data/TP1/TANK9_CONTINUED_Reflection__7__07.txt","TANK9_CONTINUED_Reflection__7__07.txt",2026-06-12 08:58:34.167356,9,9
"677","GRA-sid24-051426","Graceland",9,"+2C",2,43,NA,"data/TP1/TANK9_CONTINUED_Reflection__8__08.txt","TANK9_CONTINUED_Reflection__8__08.txt",2026-06-12 08:58:46.772854,9,9
"678","GRA-sid24-051426","Graceland",9,"+2C",3,44,NA,"data/TP1/TANK9_CONTINUED_Reflection__9__09.txt","TANK9_CONTINUED_Reflection__9__09.txt",2026-06-12 08:59:09.004343,9,9
"679","JR-sid33-052026","JR's Ledge",9,"+2C",1,45,NA,"data/TP1/TANK9_CONTINUED_Reflection__10__10.txt","TANK9_CONTINUED_Reflection__10__10.txt",2026-06-12 08:59:42.747414,9,9
"680","JR-sid33-052026","JR's Ledge",9,"+2C",2,46,NA,"data/TP1/TANK9_CONTINUED_Reflection__11__11.txt","TANK9_CONTINUED_Reflection__11__11.txt",2026-06-12 08:59:53.681995,9,9
"681","JR-sid33-052026","JR's Ledge",9,"+2C",3,47,NA,"data/TP1/TANK9_CONTINUED_Reflection__12__12.txt","TANK9_CONTINUED_Reflection__12__12.txt",2026-06-12 09:00:06.285702,9,9
"682","REV-sid03-052026","Reverse Reef",9,"+2C",1,48,NA,"data/TP1/TANK9_CONTINUED_Reflection__13__13.txt","TANK9_CONTINUED_Reflection__13__13.txt",2026-06-12 09:02:03.703783,9,9
"683","REV-sid03-052026","Reverse Reef",9,"+2C",2,49,NA,"data/TP1/TANK9_CONTINUED_Reflection__14__14.txt","TANK9_CONTINUED_Reflection__14__14.txt",2026-06-12 09:02:22.986481,9,9
"684","REV-sid03-052026","Reverse Reef",9,"+2C",3,50,NA,"data/TP1/TANK9_CONTINUED_Reflection__15__15.txt","TANK9_CONTINUED_Reflection__15__15.txt",2026-06-12 09:02:55.270159,9,9
"685","GRA-sid16-051426","Graceland",9,"+2C",1,51,NA,"data/TP1/TANK9_CONTINUED_Reflection__16__16.txt","TANK9_CONTINUED_Reflection__16__16.txt",2026-06-12 09:05:02.215212,9,9
"686","GRA-sid16-051426","Graceland",9,"+2C",2,52,NA,"data/TP1/TANK9_CONTINUED_Reflection__17__17.txt","TANK9_CONTINUED_Reflection__17__17.txt",2026-06-12 09:05:20.766195,9,9
"687","GRA-sid16-051426","Graceland",9,"+2C",3,53,NA,"data/TP1/TANK9_CONTINUED_Reflection__18__18.txt","TANK9_CONTINUED_Reflection__18__18.txt",2026-06-12 09:05:51.581448,9,9
"688","DB-sid30-051426","Dania",9,"+2C",1,54,NA,"data/TP1/TANK9_CONTINUED_Reflection__19__19.txt","TANK9_CONTINUED_Reflection__19__19.txt",2026-06-12 09:06:49.595461,9,9
"689","DB-sid30-051426","Dania",9,"+2C",2,55,NA,"data/TP1/TANK9_CONTINUED_Reflection__20__20.txt","TANK9_CONTINUED_Reflection__20__20.txt",2026-06-12 09:07:00.897158,9,9
"690","DB-sid30-051426","Dania",9,"+2C",3,56,NA,"data/TP1/TANK9_CONTINUED_Reflection__21__21.txt","TANK9_CONTINUED_Reflection__21__21.txt",2026-06-12 09:07:33.523317,9,9
"691","EMERALD-sid01-052026","Emerald Reef",9,"+2C",1,57,NA,"data/TP1/TANK9_CONTINUED_Reflection__22__22.txt","TANK9_CONTINUED_Reflection__22__22.txt",2026-06-12 09:08:45.258514,9,9
"692","EMERALD-sid01-052026","Emerald Reef",9,"+2C",2,58,NA,"data/TP1/TANK9_CONTINUED_Reflection__23__23.txt","TANK9_CONTINUED_Reflection__23__23.txt",2026-06-12 09:09:02.499119,9,9
"693","EMERALD-sid01-052026","Emerald Reef",9,"+2C",3,59,NA,"data/TP1/TANK9_CONTINUED_Reflection__24__24.txt","TANK9_CONTINUED_Reflection__24__24.txt",2026-06-12 09:11:00.942434,9,9
"694","sc-ssid08-04182026","South Canyon",9,"+2C",1,60,NA,"data/TP1/TANK9_CONTINUED_Reflection__25__25.txt","TANK9_CONTINUED_Reflection__25__25.txt",2026-06-12 09:11:37.812954,9,9
"695","sc-ssid08-04182026","South Canyon",9,"+2C",2,61,NA,"data/TP1/TANK9_CONTINUED_Reflection__26__26.txt","TANK9_CONTINUED_Reflection__26__26.txt",2026-06-12 09:12:06.163071,9,9
"696","sc-ssid08-04182026","South Canyon",9,"+2C",3,62,NA,"data/TP1/TANK9_CONTINUED_Reflection__27__27.txt","TANK9_CONTINUED_Reflection__27__27.txt",2026-06-12 09:12:19.320299,9,9
"697","cave-ssid05-04162026","Caves",9,"+2C",1,63,NA,"data/TP1/TANK9_CONTINUED_Reflection__28__28.txt","TANK9_CONTINUED_Reflection__28__28.txt",2026-06-12 09:14:57.061731,9,9
"698","cave-ssid05-04162026","Caves",9,"+2C",3,65,NA,"data/TP1/TANK9_CONTINUED_Reflection__30__30.txt","TANK9_CONTINUED_Reflection__30__30.txt",2026-06-12 09:15:30.602915,9,9
"699","cave-ssid05-04162026","Caves",9,"+2C",4,66,NA,"data/TP1/TANK9_CONTINUED_Reflection__31__31.txt","TANK9_CONTINUED_Reflection__31__31.txt",2026-06-12 09:16:12.839745,9,9
"700","ftlb2-ssid13-03222026","BAR",9,"+2C",1,67,NA,"data/TP1/TANK9_CONTINUED_Reflection__32__32.txt","TANK9_CONTINUED_Reflection__32__32.txt",2026-06-12 09:19:11.64613,9,9
"701","ftlb2-ssid13-03222026","BAR",9,"+2C",2,68,NA,"data/TP1/TANK9_CONTINUED_Reflection__33__33.txt","TANK9_CONTINUED_Reflection__33__33.txt",2026-06-12 09:19:29.256866,9,9
"702","ftlb2-ssid13-03222026","BAR",9,"+2C",3,69,NA,"data/TP1/TANK9_CONTINUED_Reflection__34__34.txt","TANK9_CONTINUED_Reflection__34__34.txt",2026-06-12 09:19:42.610168,9,9
"703","EMERALD-sid17-052026","Emerald Reef",9,"+2C",1,70,NA,"data/TP1/TANK9_CONTINUED_Reflection__35__35.txt","TANK9_CONTINUED_Reflection__35__35.txt",2026-06-12 09:22:02.933985,9,9
"704","EMERALD-sid17-052026","Emerald Reef",9,"+2C",2,71,NA,"data/TP1/TANK9_CONTINUED_Reflection__36__36.txt","TANK9_CONTINUED_Reflection__36__36.txt",2026-06-12 09:22:18.869097,9,9
"705","EMERALD-sid17-052026","Emerald Reef",9,"+2C",3,72,NA,"data/TP1/TANK9_CONTINUED_Reflection__37__37.txt","TANK9_CONTINUED_Reflection__37__37.txt",2026-06-12 09:22:38.525837,9,9
"706","EMERALD-sid26-052026","Emerald Reef",9,"+2C",1,73,NA,"data/TP1/TANK9_CONTINUED_Reflection__38__38.txt","TANK9_CONTINUED_Reflection__38__38.txt",2026-06-12 09:23:56.74081,9,9
"707","EMERALD-sid26-052026","Emerald Reef",9,"+2C",2,74,NA,"data/TP1/TANK9_CONTINUED_Reflection__39__39.txt","TANK9_CONTINUED_Reflection__39__39.txt",2026-06-12 09:24:27.325748,9,9
"708","EMERALD-sid26-052026","Emerald Reef",9,"+2C",3,75,NA,"data/TP1/TANK9_CONTINUED_Reflection__40__40.txt","TANK9_CONTINUED_Reflection__40__40.txt",2026-06-12 09:24:46.417568,9,9
"709","JR-sid34-052026","JR's Ledge",9,"+2C",1,76,NA,"data/TP1/TANK9_CONTINUED_Reflection__41__41.txt","TANK9_CONTINUED_Reflection__41__41.txt",2026-06-12 09:39:28.087351,9,9
"710","JR-sid34-052026","JR's Ledge",9,"+2C",2,77,NA,"data/TP1/TANK9_CONTINUED_Reflection__42__42.txt","TANK9_CONTINUED_Reflection__42__42.txt",2026-06-12 09:39:40.071983,9,9
"711","JR-sid34-052026","JR's Ledge",9,"+2C",3,78,NA,"data/TP1/TANK9_CONTINUED_Reflection__43__43.txt","TANK9_CONTINUED_Reflection__43__43.txt",2026-06-12 09:39:55.873846,9,9
"712","DB-sid26-051426","Dania",9,"+2C",1,79,NA,"data/TP1/TANK9_CONTINUED_Reflection__44__44.txt","TANK9_CONTINUED_Reflection__44__44.txt",2026-06-12 09:40:29.254854,9,9
"713","DB-sid26-051426","Dania",9,"+2C",2,80,NA,"data/TP1/TANK9_CONTINUED_Reflection__45__45.txt","TANK9_CONTINUED_Reflection__45__45.txt",2026-06-12 09:40:41.768175,9,9
"714","DB-sid26-051426","Dania",9,"+2C",3,81,NA,"data/TP1/TANK9_CONTINUED_Reflection__46__46.txt","TANK9_CONTINUED_Reflection__46__46.txt",2026-06-12 09:41:14.026552,9,9
"715","skeleton_tank9_cont",NA,9,"+2C",1,82,NA,"data/TP1/TANK9_CONTINUED_Reflection__47__47.txt","TANK9_CONTINUED_Reflection__47__47.txt",2026-06-12 09:41:50.143866,9,9
"716","skeleton_tank9_cont",NA,9,"+2C",2,83,NA,"data/TP1/TANK9_CONTINUED_Reflection__48__48.txt","TANK9_CONTINUED_Reflection__48__48.txt",2026-06-12 09:42:00.654493,9,9
"717","skeleton_tank9_cont",NA,9,"+2C",3,84,NA,"data/TP1/TANK9_CONTINUED_Reflection__49__49.txt","TANK9_CONTINUED_Reflection__49__49.txt",2026-06-12 09:42:11.553881,9,9
"718","DB-sid04-051426","Dania",10,"control",1,65,NA,"data/TP1/TANK10_CONTINUED_Reflection__49__49.txt","TANK10_CONTINUED_Reflection__49__49.txt",2026-06-12 10:32:02.536348,10,10
"719","DB-sid04-051426","Dania",10,"control",2,66,NA,"data/TP1/TANK10_CONTINUED_Reflection__50__50.txt","TANK10_CONTINUED_Reflection__50__50.txt",2026-06-12 10:32:30.031113,10,10
"720","DB-sid04-051426","Dania",10,"control",3,67,NA,"data/TP1/TANK10_CONTINUED_Reflection__51__51.txt","TANK10_CONTINUED_Reflection__51__51.txt",2026-06-12 10:32:47.936056,10,10
"721","DB-sid07-051426","Dania",10,"control",1,74,NA,"data/TP1/TANK10_CONTINUED_Reflection__58__58.txt","TANK10_CONTINUED_Reflection__58__58.txt",2026-06-12 10:36:48.132029,10,10
"722","DB-sid07-051426","Dania",10,"control",2,75,NA,"data/TP1/TANK10_CONTINUED_Reflection__59__59.txt","TANK10_CONTINUED_Reflection__59__59.txt",2026-06-12 10:37:09.232985,10,10
"723","DB-sid07-051426","Dania",10,"control",3,76,NA,"data/TP1/TANK10_CONTINUED_Reflection__60__60.txt","TANK10_CONTINUED_Reflection__60__60.txt",2026-06-12 10:37:31.599848,10,10
"724","DB-sid20-051426","Dania",10,"control",1,17,NA,"data/TP1/TANK10_CONTINUED_Reflection__1__01.txt","TANK10_CONTINUED_Reflection__1__01.txt",2026-06-12 09:58:44.304609,10,10
"725","DB-sid20-051426","Dania",10,"control",2,18,NA,"data/TP1/TANK10_CONTINUED_Reflection__2__02.txt","TANK10_CONTINUED_Reflection__2__02.txt",2026-06-12 09:58:59.003496,10,10
"726","DB-sid20-051426","Dania",10,"control",3,19,"Edge of frag","data/TP1/TANK10_CONTINUED_Reflection__3__03.txt","TANK10_CONTINUED_Reflection__3__03.txt",2026-06-12 09:59:36.107931,10,10
"727","EMERALD-sid16-052026","Emerald Reef",10,"control",1,59,NA,"data/TP1/TANK10_CONTINUED_Reflection__43__43.txt","TANK10_CONTINUED_Reflection__43__43.txt",2026-06-12 10:25:52.956453,10,10
"728","EMERALD-sid16-052026","Emerald Reef",10,"control",2,60,NA,"data/TP1/TANK10_CONTINUED_Reflection__44__44.txt","TANK10_CONTINUED_Reflection__44__44.txt",2026-06-12 10:28:37.922173,10,10
"729","EMERALD-sid16-052026","Emerald Reef",10,"control",3,61,NA,"data/TP1/TANK10_CONTINUED_Reflection__45__45.txt","TANK10_CONTINUED_Reflection__45__45.txt",2026-06-12 10:29:11.161861,10,10
"730","EMERALD-sid21-052026","Emerald Reef",10,"control",1,10,"spectralon_tank9","data/TP1/TANK10_Reflection__9__42.txt","TANK10_Reflection__9__42.txt",2026-06-11 23:39:54.506071,10,10
"731","EMERALD-sid21-052026","Emerald Reef",10,"control",2,11,"spectralon_tank9","data/TP1/TANK10_Reflection__10__43.txt","TANK10_Reflection__10__43.txt",2026-06-11 23:40:58.818321,10,10
"732","EMERALD-sid21-052026","Emerald Reef",10,"control",3,12,"spectralon_tank9","data/TP1/TANK10_Reflection__11__44.txt","TANK10_Reflection__11__44.txt",2026-06-11 23:41:14.643646,10,10
"733","EMERALD-sid27-052026","Emerald Reef",10,"control",1,7,"spectralon_tank9","data/TP1/TANK10_Reflection__6__39.txt","TANK10_Reflection__6__39.txt",2026-06-11 23:37:05.869764,10,10
"734","EMERALD-sid27-052026","Emerald Reef",10,"control",2,8,"spectralon_tank9","data/TP1/TANK10_Reflection__7__40.txt","TANK10_Reflection__7__40.txt",2026-06-11 23:37:26.766335,10,10
"735","EMERALD-sid27-052026","Emerald Reef",10,"control",3,9,"spectralon_tank9","data/TP1/TANK10_Reflection__8__41.txt","TANK10_Reflection__8__41.txt",2026-06-11 23:38:13.227438,10,10
"736","GRA-sid07-051426","Graceland",10,"control",1,4,"spectralon_tank9","data/TP1/TANK10_Reflection__3__36.txt","TANK10_Reflection__3__36.txt",2026-06-11 23:35:27.455608,10,10
"737","GRA-sid07-051426","Graceland",10,"control",2,5,"spectralon_tank9","data/TP1/TANK10_Reflection__4__37.txt","TANK10_Reflection__4__37.txt",2026-06-11 23:35:56.450531,10,10
"738","GRA-sid07-051426","Graceland",10,"control",3,6,"spectralon_tank9","data/TP1/TANK10_Reflection__5__38.txt","TANK10_Reflection__5__38.txt",2026-06-11 23:36:25.424261,10,10
"739","GRA-sid26-051426","Graceland",10,"control",1,23,NA,"data/TP1/TANK10_CONTINUED_Reflection__7__07.txt","TANK10_CONTINUED_Reflection__7__07.txt",2026-06-12 10:01:42.742579,10,10
"740","GRA-sid26-051426","Graceland",10,"control",2,24,NA,"data/TP1/TANK10_CONTINUED_Reflection__8__08.txt","TANK10_CONTINUED_Reflection__8__08.txt",2026-06-12 10:02:48.011606,10,10
"741","GRA-sid26-051426","Graceland",10,"control",3,25,NA,"data/TP1/TANK10_CONTINUED_Reflection__9__09.txt","TANK10_CONTINUED_Reflection__9__09.txt",2026-06-12 10:03:23.173717,10,10
"742","HB-sid20-051426","Hollywood",10,"control",1,20,NA,"data/TP1/TANK10_CONTINUED_Reflection__4__04.txt","TANK10_CONTINUED_Reflection__4__04.txt",2026-06-12 10:00:40.070845,10,10
"743","HB-sid20-051426","Hollywood",10,"control",2,21,NA,"data/TP1/TANK10_CONTINUED_Reflection__5__05.txt","TANK10_CONTINUED_Reflection__5__05.txt",2026-06-12 10:01:01.164871,10,10
"744","HB-sid20-051426","Hollywood",10,"control",3,22,NA,"data/TP1/TANK10_CONTINUED_Reflection__6__06.txt","TANK10_CONTINUED_Reflection__6__06.txt",2026-06-12 10:01:13.955425,10,10
"745","JR-sid06-052026","JR's Ledge",10,"control",1,53,NA,"data/TP1/TANK10_CONTINUED_Reflection__37__37.txt","TANK10_CONTINUED_Reflection__37__37.txt",2026-06-12 10:19:12.601187,10,10
"746","JR-sid06-052026","JR's Ledge",10,"control",2,54,NA,"data/TP1/TANK10_CONTINUED_Reflection__38__38.txt","TANK10_CONTINUED_Reflection__38__38.txt",2026-06-12 10:19:33.697191,10,10
"747","JR-sid06-052026","JR's Ledge",10,"control",3,55,NA,"data/TP1/TANK10_CONTINUED_Reflection__39__39.txt","TANK10_CONTINUED_Reflection__39__39.txt",2026-06-12 10:19:49.679398,10,10
"748","JR-sid11-052026","JR's Ledge",10,"control",1,35,NA,"data/TP1/TANK10_CONTINUED_Reflection__19__19.txt","TANK10_CONTINUED_Reflection__19__19.txt",2026-06-12 10:10:06.614132,10,10
"749","JR-sid11-052026","JR's Ledge",10,"control",2,36,NA,"data/TP1/TANK10_CONTINUED_Reflection__20__20.txt","TANK10_CONTINUED_Reflection__20__20.txt",2026-06-12 10:10:39.220884,10,10
"750","JR-sid11-052026","JR's Ledge",10,"control",3,37,NA,"data/TP1/TANK10_CONTINUED_Reflection__21__21.txt","TANK10_CONTINUED_Reflection__21__21.txt",2026-06-12 10:11:07.348602,10,10
"751","JR-sid36-052026","JR's Ledge",10,"control",1,26,NA,"data/TP1/TANK10_CONTINUED_Reflection__10__10.txt","TANK10_CONTINUED_Reflection__10__10.txt",2026-06-12 10:04:01.523855,10,10
"752","JR-sid36-052026","JR's Ledge",10,"control",2,27,NA,"data/TP1/TANK10_CONTINUED_Reflection__11__11.txt","TANK10_CONTINUED_Reflection__11__11.txt",2026-06-12 10:05:28.476591,10,10
"753","JR-sid36-052026","JR's Ledge",10,"control",3,28,NA,"data/TP1/TANK10_CONTINUED_Reflection__12__12.txt","TANK10_CONTINUED_Reflection__12__12.txt",2026-06-12 10:05:59.800678,10,10
"754","REV-sid18-052026","Reverse Reef",10,"control",1,13,"spectralon_tank9","data/TP1/TANK10_Reflection__12__45.txt","TANK10_Reflection__12__45.txt",2026-06-11 23:41:55.458181,10,10
"755","REV-sid18-052026","Reverse Reef",10,"control",2,14,"spectralon_tank9","data/TP1/TANK10_Reflection__13__46.txt","TANK10_Reflection__13__46.txt",2026-06-11 23:42:10.234949,10,10
"756","REV-sid18-052026","Reverse Reef",10,"control",3,15,"spectralon_tank9","data/TP1/TANK10_Reflection__14__47.txt","TANK10_Reflection__14__47.txt",2026-06-11 23:42:20.965525,10,10
"757","REV-sid25-052026","Reverse Reef",10,"control",1,38,NA,"data/TP1/TANK10_CONTINUED_Reflection__22__22.txt","TANK10_CONTINUED_Reflection__22__22.txt",2026-06-12 10:11:45.719156,10,10
"758","REV-sid25-052026","Reverse Reef",10,"control",2,39,NA,"data/TP1/TANK10_CONTINUED_Reflection__23__23.txt","TANK10_CONTINUED_Reflection__23__23.txt",2026-06-12 10:11:57.858009,10,10
"759","REV-sid25-052026","Reverse Reef",10,"control",3,40,NA,"data/TP1/TANK10_CONTINUED_Reflection__24__24.txt","TANK10_CONTINUED_Reflection__24__24.txt",2026-06-12 10:12:16.398912,10,10
"760","URB-sid18-052826","Dodge Island",10,"control",1,50,NA,"data/TP1/TANK10_CONTINUED_Reflection__34__34.txt","TANK10_CONTINUED_Reflection__34__34.txt",2026-06-12 10:18:21.457785,10,10
"761","URB-sid18-052826","Dodge Island",10,"control",2,51,NA,"data/TP1/TANK10_CONTINUED_Reflection__35__35.txt","TANK10_CONTINUED_Reflection__35__35.txt",2026-06-12 10:18:38.086411,10,10
"762","URB-sid18-052826","Dodge Island",10,"control",3,52,NA,"data/TP1/TANK10_CONTINUED_Reflection__36__36.txt","TANK10_CONTINUED_Reflection__36__36.txt",2026-06-12 10:18:51.512585,10,10
"763","URB-sid19-052826","Dodge Island",10,"control",1,68,NA,"data/TP1/TANK10_CONTINUED_Reflection__52__52.txt","TANK10_CONTINUED_Reflection__52__52.txt",2026-06-12 10:33:13.516586,10,10
"764","URB-sid19-052826","Dodge Island",10,"control",2,69,NA,"data/TP1/TANK10_CONTINUED_Reflection__53__53.txt","TANK10_CONTINUED_Reflection__53__53.txt",2026-06-12 10:33:23.099689,10,10
"765","URB-sid19-052826","Dodge Island",10,"control",3,70,NA,"data/TP1/TANK10_CONTINUED_Reflection__54__54.txt","TANK10_CONTINUED_Reflection__54__54.txt",2026-06-12 10:34:02.027287,10,10
"766","URB-sid32-052826","Dodge Island",10,"control",1,62,NA,"data/TP1/TANK10_CONTINUED_Reflection__46__46.txt","TANK10_CONTINUED_Reflection__46__46.txt",2026-06-12 10:30:47.074743,10,10
"767","URB-sid32-052826","Dodge Island",10,"control",2,63,NA,"data/TP1/TANK10_CONTINUED_Reflection__47__47.txt","TANK10_CONTINUED_Reflection__47__47.txt",2026-06-12 10:31:12.010658,10,10
"768","URB-sid32-052826","Dodge Island",10,"control",3,64,NA,"data/TP1/TANK10_CONTINUED_Reflection__48__48.txt","TANK10_CONTINUED_Reflection__48__48.txt",2026-06-12 10:31:31.839476,10,10
"769","cave-ssid08-04162026","Caves",10,"control",1,41,NA,"data/TP1/TANK10_CONTINUED_Reflection__25__25.txt","TANK10_CONTINUED_Reflection__25__25.txt",2026-06-12 10:12:40.052923,10,10
"770","cave-ssid08-04162026","Caves",10,"control",2,42,NA,"data/TP1/TANK10_CONTINUED_Reflection__26__26.txt","TANK10_CONTINUED_Reflection__26__26.txt",2026-06-12 10:12:53.47135,10,10
"771","cave-ssid08-04162026","Caves",10,"control",3,43,NA,"data/TP1/TANK10_CONTINUED_Reflection__27__27.txt","TANK10_CONTINUED_Reflection__27__27.txt",2026-06-12 10:13:08.80592,10,10
"772","cave-ssid12-04162026","Caves",10,"control",1,56,NA,"data/TP1/TANK10_CONTINUED_Reflection__40__40.txt","TANK10_CONTINUED_Reflection__40__40.txt",2026-06-12 10:20:19.731087,10,10
"773","cave-ssid12-04162026","Caves",10,"control",2,57,NA,"data/TP1/TANK10_CONTINUED_Reflection__41__41.txt","TANK10_CONTINUED_Reflection__41__41.txt",2026-06-12 10:20:50.420126,10,10
"774","cave-ssid12-04162026","Caves",10,"control",3,58,NA,"data/TP1/TANK10_CONTINUED_Reflection__42__42.txt","TANK10_CONTINUED_Reflection__42__42.txt",2026-06-12 10:24:15.086401,10,10
"775","ftlb1-ssid06-03232026","BAR",10,"control",1,47,NA,"data/TP1/TANK10_CONTINUED_Reflection__31__31.txt","TANK10_CONTINUED_Reflection__31__31.txt",2026-06-12 10:16:37.175667,10,10
"776","ftlb1-ssid06-03232026","BAR",10,"control",2,48,NA,"data/TP1/TANK10_CONTINUED_Reflection__32__32.txt","TANK10_CONTINUED_Reflection__32__32.txt",2026-06-12 10:16:49.961851,10,10
"777","ftlb1-ssid06-03232026","BAR",10,"control",3,49,NA,"data/TP1/TANK10_CONTINUED_Reflection__33__33.txt","TANK10_CONTINUED_Reflection__33__33.txt",2026-06-12 10:17:17.458328,10,10
"778","ftlb1-ssid08-03232026","BAR",10,"control",1,29,NA,"data/TP1/TANK10_CONTINUED_Reflection__13__13.txt","TANK10_CONTINUED_Reflection__13__13.txt",2026-06-12 10:06:26.664993,10,10
"779","ftlb1-ssid08-03232026","BAR",10,"control",2,30,NA,"data/TP1/TANK10_CONTINUED_Reflection__14__14.txt","TANK10_CONTINUED_Reflection__14__14.txt",2026-06-12 10:06:47.750233,10,10
"780","ftlb1-ssid08-03232026","BAR",10,"control",3,31,NA,"data/TP1/TANK10_CONTINUED_Reflection__15__15.txt","TANK10_CONTINUED_Reflection__15__15.txt",2026-06-12 10:07:01.166826,10,10
"781","ftlb2-ssid11-03222026","BAR",10,"control",1,32,NA,"data/TP1/TANK10_CONTINUED_Reflection__16__16.txt","TANK10_CONTINUED_Reflection__16__16.txt",2026-06-12 10:07:59.991489,10,10
"782","ftlb2-ssid11-03222026","BAR",10,"control",2,33,NA,"data/TP1/TANK10_CONTINUED_Reflection__17__17.txt","TANK10_CONTINUED_Reflection__17__17.txt",2026-06-12 10:08:10.861673,10,10
"783","ftlb2-ssid11-03222026","BAR",10,"control",3,34,NA,"data/TP1/TANK10_CONTINUED_Reflection__18__18.txt","TANK10_CONTINUED_Reflection__18__18.txt",2026-06-12 10:08:26.847822,10,10
"784","sc-ssid07-04182026","South Canyon",10,"control",1,1,"spectralon_tank9","data/TP1/TANK10_Reflection__0__33.txt","TANK10_Reflection__0__33.txt",2026-06-11 23:33:13.916822,10,10
"785","sc-ssid07-04182026","South Canyon",10,"control",2,2,"spectralon_tank9","data/TP1/TANK10_Reflection__1__34.txt","TANK10_Reflection__1__34.txt",2026-06-11 23:33:58.092823,10,10
"786","sc-ssid07-04182026","South Canyon",10,"control",3,3,"spectralon_tank9","data/TP1/TANK10_Reflection__2__35.txt","TANK10_Reflection__2__35.txt",2026-06-11 23:34:11.252733,10,10
"787","sc-ssid20-04182026","South Canyon",10,"control",1,71,NA,"data/TP1/TANK10_CONTINUED_Reflection__55__55.txt","TANK10_CONTINUED_Reflection__55__55.txt",2026-06-12 10:34:45.447407,10,10
"788","sc-ssid20-04182026","South Canyon",10,"control",2,72,NA,"data/TP1/TANK10_CONTINUED_Reflection__56__56.txt","TANK10_CONTINUED_Reflection__56__56.txt",2026-06-12 10:34:59.474646,10,10
"789","sc-ssid20-04182026","South Canyon",10,"control",3,73,NA,"data/TP1/TANK10_CONTINUED_Reflection__57__57.txt","TANK10_CONTINUED_Reflection__57__57.txt",2026-06-12 10:35:34.557198,10,10
"790","sc-ssid29-04182026","South Canyon",10,"control",1,44,NA,"data/TP1/TANK10_CONTINUED_Reflection__28__28.txt","TANK10_CONTINUED_Reflection__28__28.txt",2026-06-12 10:13:47.803345,10,10
"791","sc-ssid29-04182026","South Canyon",10,"control",2,45,NA,"data/TP1/TANK10_CONTINUED_Reflection__29__29.txt","TANK10_CONTINUED_Reflection__29__29.txt",2026-06-12 10:13:57.392889,10,10
"792","sc-ssid29-04182026","South Canyon",10,"control",3,46,NA,"data/TP1/TANK10_CONTINUED_Reflection__30__30.txt","TANK10_CONTINUED_Reflection__30__30.txt",2026-06-12 10:14:37.022278,10,10
"793","skeleton_tank10",NA,10,"control",1,77,NA,"data/TP1/TANK10_CONTINUED_Reflection__61__61.txt","TANK10_CONTINUED_Reflection__61__61.txt",2026-06-12 10:38:20.832685,10,10
"794","skeleton_tank10",NA,10,"control",2,78,NA,"data/TP1/TANK10_CONTINUED_Reflection__62__62.txt","TANK10_CONTINUED_Reflection__62__62.txt",2026-06-12 10:38:48.323078,10,10
"795","skeleton_tank10",NA,10,"control",3,79,NA,"data/TP1/TANK10_CONTINUED_Reflection__63__63.txt","TANK10_CONTINUED_Reflection__63__63.txt",2026-06-12 10:39:01.735693,10,10
"796","spectralon_tank10",NA,10,"control",1,16,NA,"data/TP1/TANK10_CONTINUED_Reflection__0__00.txt","TANK10_CONTINUED_Reflection__0__00.txt",2026-06-12 09:56:01.103722,10,10
"797","DB-sid09-051426","Dania",11,"+4C",1,41,NA,"data/TP1/TANK2_Reflection__40__80.txt","TANK2_Reflection__40__80.txt",2026-06-11 11:31:46.030697,2,2
"798","DB-sid09-051426","Dania",11,"+4C",2,42,NA,"data/TP1/TANK2_Reflection__41__81.txt","TANK2_Reflection__41__81.txt",2026-06-11 11:31:59.848133,2,2
"799","DB-sid09-051426","Dania",11,"+4C",3,43,NA,"data/TP1/TANK2_Reflection__42__82.txt","TANK2_Reflection__42__82.txt",2026-06-11 11:32:13.628572,2,2
"800","DB-sid14-051426","Dania",11,"+4C",1,66,NA,"data/TP1/TANK2_Reflection__65__105.txt","TANK2_Reflection__65__105.txt",2026-06-11 11:47:49.78149,2,2
"801","DB-sid14-051426","Dania",11,"+4C",2,67,NA,"data/TP1/TANK2_Reflection__66__106.txt","TANK2_Reflection__66__106.txt",2026-06-11 11:48:04.33186,2,2
"802","DB-sid14-051426","Dania",11,"+4C",3,68,NA,"data/TP1/TANK2_Reflection__67__107.txt","TANK2_Reflection__67__107.txt",2026-06-11 11:48:14.715471,2,2
"803","DB-sid37-051426","Dania",11,"+4C",1,44,NA,"data/TP1/TANK2_Reflection__43__83.txt","TANK2_Reflection__43__83.txt",2026-06-11 11:33:20.758759,2,2
"804","DB-sid37-051426","Dania",11,"+4C",2,45,NA,"data/TP1/TANK2_Reflection__44__84.txt","TANK2_Reflection__44__84.txt",2026-06-11 11:33:34.831059,2,2
"805","DB-sid37-051426","Dania",11,"+4C",3,46,NA,"data/TP1/TANK2_Reflection__45__85.txt","TANK2_Reflection__45__85.txt",2026-06-11 11:33:49.912827,2,2
"806","EMERALD-sid11-052026","Emerald Reef",11,"+4C",1,75,NA,"data/TP1/TANK2_Reflection__74__114.txt","TANK2_Reflection__74__114.txt",2026-06-11 11:53:22.156439,2,2
"807","EMERALD-sid11-052026","Emerald Reef",11,"+4C",2,76,NA,"data/TP1/TANK2_Reflection__75__115.txt","TANK2_Reflection__75__115.txt",2026-06-11 11:53:30.538271,2,2
"808","EMERALD-sid11-052026","Emerald Reef",11,"+4C",3,77,NA,"data/TP1/TANK2_Reflection__76__116.txt","TANK2_Reflection__76__116.txt",2026-06-11 11:53:41.144846,2,2
"809","EMERALD-sid28-052026","Emerald Reef",11,"+4C",1,69,NA,"data/TP1/TANK2_Reflection__68__108.txt","TANK2_Reflection__68__108.txt",2026-06-11 11:49:59.497446,2,2
"810","EMERALD-sid28-052026","Emerald Reef",11,"+4C",2,70,NA,"data/TP1/TANK2_Reflection__69__109.txt","TANK2_Reflection__69__109.txt",2026-06-11 11:50:10.361109,2,2
"811","EMERALD-sid28-052026","Emerald Reef",11,"+4C",3,71,NA,"data/TP1/TANK2_Reflection__70__110.txt","TANK2_Reflection__70__110.txt",2026-06-11 11:50:22.729275,2,2
"812","EMERALD-sid32-052026","Emerald Reef",11,"+4C",1,78,NA,"data/TP1/TANK2_Reflection__77__117.txt","TANK2_Reflection__77__117.txt",2026-06-11 11:55:25.192842,2,2
"813","EMERALD-sid32-052026","Emerald Reef",11,"+4C",2,79,NA,"data/TP1/TANK2_Reflection__78__118.txt","TANK2_Reflection__78__118.txt",2026-06-11 11:55:36.810797,2,2
"814","EMERALD-sid32-052026","Emerald Reef",11,"+4C",3,80,NA,"data/TP1/TANK2_Reflection__79__119.txt","TANK2_Reflection__79__119.txt",2026-06-11 11:55:44.473541,2,2
"815","GRA-sid14-051426","Graceland",11,"+4C",1,5,NA,"data/TP1/TANK2_Reflection__4__44.txt","TANK2_Reflection__4__44.txt",2026-06-11 11:01:47.789944,2,2
"816","GRA-sid14-051426","Graceland",11,"+4C",2,6,NA,"data/TP1/TANK2_Reflection__5__45.txt","TANK2_Reflection__5__45.txt",2026-06-11 11:01:58.901798,2,2
"817","GRA-sid14-051426","Graceland",11,"+4C",3,7,NA,"data/TP1/TANK2_Reflection__6__46.txt","TANK2_Reflection__6__46.txt",2026-06-11 11:02:09.506399,2,2
"818","GRA-sid32-051426","Graceland",11,"+4C",1,47,NA,"data/TP1/TANK2_Reflection__46__86.txt","TANK2_Reflection__46__86.txt",2026-06-11 11:34:21.760818,2,2
"819","GRA-sid32-051426","Graceland",11,"+4C",2,48,NA,"data/TP1/TANK2_Reflection__47__87.txt","TANK2_Reflection__47__87.txt",2026-06-11 11:34:34.847952,2,2
"820","GRA-sid32-051426","Graceland",11,"+4C",3,49,NA,"data/TP1/TANK2_Reflection__48__88.txt","TANK2_Reflection__48__88.txt",2026-06-11 11:34:47.197966,2,2
"821","HB-sid01-051426","Hollywood",11,"+4C",1,8,NA,"data/TP1/TANK2_Reflection__7__47.txt","TANK2_Reflection__7__47.txt",2026-06-11 11:02:51.097879,2,2
"822","HB-sid01-051426","Hollywood",11,"+4C",2,9,NA,"data/TP1/TANK2_Reflection__8__48.txt","TANK2_Reflection__8__48.txt",2026-06-11 11:03:00.740793,2,2
"823","HB-sid01-051426","Hollywood",11,"+4C",3,10,NA,"data/TP1/TANK2_Reflection__9__49.txt","TANK2_Reflection__9__49.txt",2026-06-11 11:03:09.3743,2,2
"824","JR-sid08-052026","JR's Ledge",11,"+4C",1,14,NA,"data/TP1/TANK2_Reflection__13__53.txt","TANK2_Reflection__13__53.txt",2026-06-11 11:04:56.02552,2,2
"825","JR-sid08-052026","JR's Ledge",11,"+4C",2,15,NA,"data/TP1/TANK2_Reflection__14__54.txt","TANK2_Reflection__14__54.txt",2026-06-11 11:05:03.68148,2,2
"826","JR-sid08-052026","JR's Ledge",11,"+4C",3,16,NA,"data/TP1/TANK2_Reflection__15__55.txt","TANK2_Reflection__15__55.txt",2026-06-11 11:05:14.066454,2,2
"827","JR-sid08-052026","JR's Ledge",11,"+4C",4,17,NA,"data/TP1/TANK2_Reflection__16__56.txt","TANK2_Reflection__16__56.txt",2026-06-11 11:05:25.678719,2,2
"828","JR-sid09-052026","JR's Ledge",11,"+4C",1,50,NA,"data/TP1/TANK2_Reflection__49__89.txt","TANK2_Reflection__49__89.txt",2026-06-11 11:35:22.020082,2,2
"829","JR-sid09-052026","JR's Ledge",11,"+4C",2,51,NA,"data/TP1/TANK2_Reflection__50__90.txt","TANK2_Reflection__50__90.txt",2026-06-11 11:35:52.436378,2,2
"830","JR-sid09-052026","JR's Ledge",11,"+4C",3,52,NA,"data/TP1/TANK2_Reflection__51__91.txt","TANK2_Reflection__51__91.txt",2026-06-11 11:36:01.822107,2,2
"831","JR-sid26-052026","JR's Ledge",11,"+4C",1,88,NA,"data/TP1/TANK2_Reflection__87__127.txt","TANK2_Reflection__87__127.txt",2026-06-11 12:01:49.121155,2,2
"832","JR-sid26-052026","JR's Ledge",11,"+4C",2,89,NA,"data/TP1/TANK2_Reflection__88__128.txt","TANK2_Reflection__88__128.txt",2026-06-11 12:01:58.252092,2,2
"833","JR-sid26-052026","JR's Ledge",11,"+4C",3,90,NA,"data/TP1/TANK2_Reflection__89__129.txt","TANK2_Reflection__89__129.txt",2026-06-11 12:02:18.518234,2,2
"834","REV-sid01-052026","Reverse Reef",11,"+4C",1,63,NA,"data/TP1/TANK2_Reflection__62__102.txt","TANK2_Reflection__62__102.txt",2026-06-11 11:44:18.229898,2,2
"835","REV-sid01-052026","Reverse Reef",11,"+4C",2,64,NA,"data/TP1/TANK2_Reflection__63__103.txt","TANK2_Reflection__63__103.txt",2026-06-11 11:44:29.819365,2,2
"836","REV-sid01-052026","Reverse Reef",11,"+4C",3,65,NA,"data/TP1/TANK2_Reflection__64__104.txt","TANK2_Reflection__64__104.txt",2026-06-11 11:44:40.689598,2,2
"837","REV-sid33-052026","Reverse Reef",11,"+4C",1,38,NA,"data/TP1/TANK2_Reflection__37__77.txt","TANK2_Reflection__37__77.txt",2026-06-11 11:29:58.214172,2,2
"838","REV-sid33-052026","Reverse Reef",11,"+4C",2,39,NA,"data/TP1/TANK2_Reflection__38__78.txt","TANK2_Reflection__38__78.txt",2026-06-11 11:30:19.674204,2,2
"839","REV-sid33-052026","Reverse Reef",11,"+4C",3,40,NA,"data/TP1/TANK2_Reflection__39__79.txt","TANK2_Reflection__39__79.txt",2026-06-11 11:30:32.229086,2,2
"840","REV-sid34-052026","Reverse Reef",11,"+4C",1,31,NA,"data/TP1/TANK2_Reflection__30__70.txt","TANK2_Reflection__30__70.txt",2026-06-11 11:20:08.601717,2,2
"841","REV-sid34-052026","Reverse Reef",11,"+4C",2,32,NA,"data/TP1/TANK2_Reflection__31__71.txt","TANK2_Reflection__31__71.txt",2026-06-11 11:25:48.710411,2,2
"842","REV-sid34-052026","Reverse Reef",11,"+4C",3,33,NA,"data/TP1/TANK2_Reflection__32__72.txt","TANK2_Reflection__32__72.txt",2026-06-11 11:26:57.039312,2,2
"843","URB-sid02-052826","Dodge Island",11,"+4C",1,81,NA,"data/TP1/TANK2_Reflection__80__120.txt","TANK2_Reflection__80__120.txt",2026-06-11 11:57:27.164522,2,2
"844","URB-sid02-052826","Dodge Island",11,"+4C",2,82,NA,"data/TP1/TANK2_Reflection__81__121.txt","TANK2_Reflection__81__121.txt",2026-06-11 11:57:36.285513,2,2
"845","URB-sid02-052826","Dodge Island",11,"+4C",3,83,NA,"data/TP1/TANK2_Reflection__82__122.txt","TANK2_Reflection__82__122.txt",2026-06-11 11:57:45.413551,2,2
"846","URB-sid20-052826","Dodge Island",11,"+4C",1,94,NA,"data/TP1/TANK2_Reflection__93__133.txt","TANK2_Reflection__93__133.txt",2026-06-11 12:08:49.97389,2,2
"847","URB-sid20-052826","Dodge Island",11,"+4C",2,95,NA,"data/TP1/TANK2_Reflection__94__134.txt","TANK2_Reflection__94__134.txt",2026-06-11 12:08:58.871332,2,2
"848","URB-sid20-052826","Dodge Island",11,"+4C",3,96,NA,"data/TP1/TANK2_Reflection__95__135.txt","TANK2_Reflection__95__135.txt",2026-06-11 12:09:09.724234,2,2
"849","URB-sid25-052826","Dodge Island",11,"+4C",1,57,NA,"data/TP1/TANK2_Reflection__56__96.txt","TANK2_Reflection__56__96.txt",2026-06-11 11:40:13.164675,2,2
"850","URB-sid25-052826","Dodge Island",11,"+4C",2,58,NA,"data/TP1/TANK2_Reflection__57__97.txt","TANK2_Reflection__57__97.txt",2026-06-11 11:40:30.251858,2,2
"851","URB-sid25-052826","Dodge Island",11,"+4C",3,59,NA,"data/TP1/TANK2_Reflection__58__98.txt","TANK2_Reflection__58__98.txt",2026-06-11 11:40:40.625025,2,2
"852","cave-ssid04-04162026","Caves",11,"+4C",1,35,NA,"data/TP1/TANK2_Reflection__34__74.txt","TANK2_Reflection__34__74.txt",2026-06-11 11:28:55.355469,2,2
"853","cave-ssid04-04162026","Caves",11,"+4C",2,36,NA,"data/TP1/TANK2_Reflection__35__75.txt","TANK2_Reflection__35__75.txt",2026-06-11 11:29:08.163643,2,2
"854","cave-ssid04-04162026","Caves",11,"+4C",3,37,NA,"data/TP1/TANK2_Reflection__36__76.txt","TANK2_Reflection__36__76.txt",2026-06-11 11:29:20.502718,2,2
"855","cave-ssid06-04162026","Caves",11,"+4C",1,60,NA,"data/TP1/TANK2_Reflection__59__99.txt","TANK2_Reflection__59__99.txt",2026-06-11 11:41:41.981754,2,2
"856","cave-ssid06-04162026","Caves",11,"+4C",2,61,NA,"data/TP1/TANK2_Reflection__60__100.txt","TANK2_Reflection__60__100.txt",2026-06-11 11:41:54.811428,2,2
"857","cave-ssid06-04162026","Caves",11,"+4C",3,62,NA,"data/TP1/TANK2_Reflection__61__101.txt","TANK2_Reflection__61__101.txt",2026-06-11 11:42:07.141775,2,2
"858","cave-ssid25-04162026","Caves",11,"+4C",1,72,NA,"data/TP1/TANK2_Reflection__71__111.txt","TANK2_Reflection__71__111.txt",2026-06-11 11:51:01.299101,2,2
"859","cave-ssid25-04162026","Caves",11,"+4C",2,73,NA,"data/TP1/TANK2_Reflection__72__112.txt","TANK2_Reflection__72__112.txt",2026-06-11 11:51:19.149092,2,2
"860","cave-ssid25-04162026","Caves",11,"+4C",3,74,NA,"data/TP1/TANK2_Reflection__73__113.txt","TANK2_Reflection__73__113.txt",2026-06-11 11:51:27.802673,2,2
"861","ftlb1-ssid14-03232026","BAR",11,"+4C",1,84,NA,"data/TP1/TANK2_Reflection__83__123.txt","TANK2_Reflection__83__123.txt",2026-06-11 11:58:36.093126,2,2
"862","ftlb1-ssid14-03232026","BAR",11,"+4C",2,85,NA,"data/TP1/TANK2_Reflection__84__124.txt","TANK2_Reflection__84__124.txt",2026-06-11 11:58:50.147047,2,2
"863","ftlb1-ssid14-03232026","BAR",11,"+4C",3,86,NA,"data/TP1/TANK2_Reflection__85__125.txt","TANK2_Reflection__85__125.txt",2026-06-11 11:59:00.758223,2,2
"864","ftlb1-ssid14-03232026","BAR",11,"+4C",4,87,NA,"data/TP1/TANK2_Reflection__86__126.txt","TANK2_Reflection__86__126.txt",2026-06-11 11:59:22.753174,2,2
"865","sc-ssid09-04182026","South Canyon",11,"+4C",1,53,NA,"data/TP1/TANK2_Reflection__52__92.txt","TANK2_Reflection__52__92.txt",2026-06-11 11:36:44.123308,2,2
"866","sc-ssid09-04182026","South Canyon",11,"+4C",2,54,NA,"data/TP1/TANK2_Reflection__53__93.txt","TANK2_Reflection__53__93.txt",2026-06-11 11:37:39.801987,2,2
"867","sc-ssid09-04182026","South Canyon",11,"+4C",3,55,NA,"data/TP1/TANK2_Reflection__54__94.txt","TANK2_Reflection__54__94.txt",2026-06-11 11:37:52.675505,2,2
"868","sc-ssid09-04182026","South Canyon",11,"+4C",4,56,NA,"data/TP1/TANK2_Reflection__55__95.txt","TANK2_Reflection__55__95.txt",2026-06-11 11:38:12.733305,2,2
"869","sc-ssid21-04182026","South Canyon",11,"+4C",1,11,NA,"data/TP1/TANK2_Reflection__10__50.txt","TANK2_Reflection__10__50.txt",2026-06-11 11:03:58.479004,2,2
"870","sc-ssid21-04182026","South Canyon",11,"+4C",2,12,NA,"data/TP1/TANK2_Reflection__11__51.txt","TANK2_Reflection__11__51.txt",2026-06-11 11:04:08.596212,2,2
"871","sc-ssid21-04182026","South Canyon",11,"+4C",3,13,NA,"data/TP1/TANK2_Reflection__12__52.txt","TANK2_Reflection__12__52.txt",2026-06-11 11:04:17.727037,2,2
"872","sc-ssid30-04182026","South Canyon",11,"+4C",1,91,NA,"data/TP1/TANK2_Reflection__90__130.txt","TANK2_Reflection__90__130.txt",2026-06-11 12:07:30.973228,2,2
"873","sc-ssid30-04182026","South Canyon",11,"+4C",2,92,NA,"data/TP1/TANK2_Reflection__91__131.txt","TANK2_Reflection__91__131.txt",2026-06-11 12:07:53.901474,2,2
"874","sc-ssid30-04182026","South Canyon",11,"+4C",3,93,NA,"data/TP1/TANK2_Reflection__92__132.txt","TANK2_Reflection__92__132.txt",2026-06-11 12:08:01.783424,2,2
"875","skeleton_tank11",NA,11,"+4C",1,2,NA,"data/TP1/TANK2_Reflection__1__41.txt","TANK2_Reflection__1__41.txt",2026-06-11 10:59:58.102716,2,2
"876","skeleton_tank11",NA,11,"+4C",2,3,NA,"data/TP1/TANK2_Reflection__2__42.txt","TANK2_Reflection__2__42.txt",2026-06-11 11:00:11.718603,2,2
"877","skeleton_tank11",NA,11,"+4C",3,4,NA,"data/TP1/TANK2_Reflection__3__43.txt","TANK2_Reflection__3__43.txt",2026-06-11 11:00:21.368809,2,2
"878","spectralon_tank11",NA,11,"+4C",1,1,NA,"data/TP1/TANK2_Reflection__0__40.txt","TANK2_Reflection__0__40.txt",2026-06-11 10:57:38.753361,2,2
"879","DB-sid01-051426","Dania",12,"+2C",1,71,NA,"data/TP1/TANK1_continue_Reflection__30__31.txt","TANK1_continue_Reflection__30__31.txt",2026-06-11 10:48:03.312632,1,1
"880","DB-sid01-051426","Dania",12,"+2C",2,72,NA,"data/TP1/TANK1_continue_Reflection__31__32.txt","TANK1_continue_Reflection__31__32.txt",2026-06-11 10:48:14.403273,1,1
"881","DB-sid01-051426","Dania",12,"+2C",3,73,NA,"data/TP1/TANK1_continue_Reflection__32__33.txt","TANK1_continue_Reflection__32__33.txt",2026-06-11 10:48:24.264814,1,1
"882","DB-sid16-051426","Dania",12,"+2C",1,56,NA,"data/TP1/TANK1_continue_Reflection__15__16.txt","TANK1_continue_Reflection__15__16.txt",2026-06-11 10:38:08.401241,1,1
"883","DB-sid16-051426","Dania",12,"+2C",2,57,NA,"data/TP1/TANK1_continue_Reflection__16__17.txt","TANK1_continue_Reflection__16__17.txt",2026-06-11 10:38:24.970543,1,1
"884","DB-sid16-051426","Dania",12,"+2C",3,58,NA,"data/TP1/TANK1_continue_Reflection__17__18.txt","TANK1_continue_Reflection__17__18.txt",2026-06-11 10:38:35.550674,1,1
"885","DB-sid31-051426","Dania",12,"+2C",1,35,NA,"data/TP1/TANK1_Reflection__34__34.txt","TANK1_Reflection__34__34.txt",2026-06-11 09:42:50.677238,1,1
"886","DB-sid31-051426","Dania",12,"+2C",2,36,NA,"data/TP1/TANK1_Reflection__35__35.txt","TANK1_Reflection__35__35.txt",2026-06-11 09:43:01.3897,1,1
"887","DB-sid31-051426","Dania",12,"+2C",3,37,NA,"data/TP1/TANK1_Reflection__36__36.txt","TANK1_Reflection__36__36.txt",2026-06-11 09:43:14.029053,1,1
"888","EMERALD-sid29-052026","Emerald Reef",12,"+2C",1,53,NA,"data/TP1/TANK1_continue_Reflection__12__13.txt","TANK1_continue_Reflection__12__13.txt",2026-06-11 10:37:07.312582,1,1
"889","EMERALD-sid29-052026","Emerald Reef",12,"+2C",2,54,NA,"data/TP1/TANK1_continue_Reflection__13__14.txt","TANK1_continue_Reflection__13__14.txt",2026-06-11 10:37:19.158279,1,1
"890","EMERALD-sid29-052026","Emerald Reef",12,"+2C",3,55,NA,"data/TP1/TANK1_continue_Reflection__14__15.txt","TANK1_continue_Reflection__14__15.txt",2026-06-11 10:37:30.273893,1,1
"891","EMERALD-sid34-052026","Emerald Reef",12,"+2C",1,77,NA,"data/TP1/TANK1_continue_Reflection__36__37.txt","TANK1_continue_Reflection__36__37.txt",2026-06-11 10:51:44.816107,1,1
"892","EMERALD-sid34-052026","Emerald Reef",12,"+2C",2,78,NA,"data/TP1/TANK1_continue_Reflection__37__38.txt","TANK1_continue_Reflection__37__38.txt",2026-06-11 10:51:55.414732,1,1
"893","EMERALD-sid34-052026","Emerald Reef",12,"+2C",3,79,NA,"data/TP1/TANK1_continue_Reflection__38__39.txt","TANK1_continue_Reflection__38__39.txt",2026-06-11 10:52:04.072453,1,1
"894","EMERALD-sid36-052026","Emerald Reef",12,"+2C",1,65,NA,"data/TP1/TANK1_continue_Reflection__24__25.txt","TANK1_continue_Reflection__24__25.txt",2026-06-11 10:44:26.828905,1,1
"895","EMERALD-sid36-052026","Emerald Reef",12,"+2C",2,66,NA,"data/TP1/TANK1_continue_Reflection__25__26.txt","TANK1_continue_Reflection__25__26.txt",2026-06-11 10:44:40.462986,1,1
"896","EMERALD-sid36-052026","Emerald Reef",12,"+2C",3,67,NA,"data/TP1/TANK1_continue_Reflection__26__27.txt","TANK1_continue_Reflection__26__27.txt",2026-06-11 10:44:51.11105,1,1
"897","GRA-sid01-051426","Graceland",12,"+2C",1,20,NA,"data/TP1/TANK1_Reflection__19__19.txt","TANK1_Reflection__19__19.txt",2026-06-11 09:33:53.216288,1,1
"898","GRA-sid01-051426","Graceland",12,"+2C",2,21,NA,"data/TP1/TANK1_Reflection__20__20.txt","TANK1_Reflection__20__20.txt",2026-06-11 09:34:06.308319,1,1
"899","GRA-sid01-051426","Graceland",12,"+2C",3,22,NA,"data/TP1/TANK1_Reflection__21__21.txt","TANK1_Reflection__21__21.txt",2026-06-11 09:34:17.641468,1,1
"900","GRA-sid22-051426","Graceland",12,"+2C",1,5,NA,"data/TP1/TANK1_Reflection__4__04.txt","TANK1_Reflection__4__04.txt",2026-06-11 09:27:18.637386,1,1
"901","GRA-sid22-051426","Graceland",12,"+2C",2,6,NA,"data/TP1/TANK1_Reflection__5__05.txt","TANK1_Reflection__5__05.txt",2026-06-11 09:27:38.421314,1,1
"902","GRA-sid22-051426","Graceland",12,"+2C",3,7,NA,"data/TP1/TANK1_Reflection__6__06.txt","TANK1_Reflection__6__06.txt",2026-06-11 09:27:55.816326,1,1
"903","HB-sid36-051426","Hollywood",12,"+2C",1,38,NA,"data/TP1/TANK1_Reflection__37__37.txt","TANK1_Reflection__37__37.txt",2026-06-11 09:44:37.418224,1,1
"904","HB-sid36-051426","Hollywood",12,"+2C",2,39,NA,"data/TP1/TANK1_Reflection__38__38.txt","TANK1_Reflection__38__38.txt",2026-06-11 09:44:48.729023,1,1
"905","HB-sid36-051426","Hollywood",12,"+2C",3,40,NA,"data/TP1/TANK1_Reflection__39__39.txt","TANK1_Reflection__39__39.txt",2026-06-11 09:45:03.219019,1,1
"906","JR-sid17-052026","JR's Ledge",12,"+2C",1,41,NA,"data/TP1/TANK1_continue_Reflection__0__01.txt","TANK1_continue_Reflection__0__01.txt",2026-06-11 10:31:29.5903,1,1
"907","JR-sid17-052026","JR's Ledge",12,"+2C",2,42,NA,"data/TP1/TANK1_continue_Reflection__1__02.txt","TANK1_continue_Reflection__1__02.txt",2026-06-11 10:32:02.667679,1,1
"908","JR-sid17-052026","JR's Ledge",12,"+2C",3,43,NA,"data/TP1/TANK1_continue_Reflection__2__03.txt","TANK1_continue_Reflection__2__03.txt",2026-06-11 10:32:19.964815,1,1
"909","JR-sid20-052026","JR's Ledge",12,"+2C",1,11,NA,"data/TP1/TANK1_Reflection__10__10.txt","TANK1_Reflection__10__10.txt",2026-06-11 09:29:57.171566,1,1
"910","JR-sid20-052026","JR's Ledge",12,"+2C",2,12,NA,"data/TP1/TANK1_Reflection__11__11.txt","TANK1_Reflection__11__11.txt",2026-06-11 09:30:08.000946,1,1
"911","JR-sid20-052026","JR's Ledge",12,"+2C",3,13,NA,"data/TP1/TANK1_Reflection__12__12.txt","TANK1_Reflection__12__12.txt",2026-06-11 09:30:22.025948,1,1
"912","REV-sid14-052026","Reverse Reef",12,"+2C",1,44,NA,"data/TP1/TANK1_continue_Reflection__3__04.txt","TANK1_continue_Reflection__3__04.txt",2026-06-11 10:33:01.493662,1,1
"913","REV-sid14-052026","Reverse Reef",12,"+2C",2,45,NA,"data/TP1/TANK1_continue_Reflection__4__05.txt","TANK1_continue_Reflection__4__05.txt",2026-06-11 10:33:14.085218,1,1
"914","REV-sid14-052026","Reverse Reef",12,"+2C",3,46,NA,"data/TP1/TANK1_continue_Reflection__5__06.txt","TANK1_continue_Reflection__5__06.txt",2026-06-11 10:33:26.399887,1,1
"915","REV-sid23-052026","Reverse Reef",12,"+2C",1,62,NA,"data/TP1/TANK1_continue_Reflection__21__22.txt","TANK1_continue_Reflection__21__22.txt",2026-06-11 10:42:07.674255,1,1
"916","REV-sid23-052026","Reverse Reef",12,"+2C",2,63,NA,"data/TP1/TANK1_continue_Reflection__22__23.txt","TANK1_continue_Reflection__22__23.txt",2026-06-11 10:42:19.785334,1,1
"917","REV-sid23-052026","Reverse Reef",12,"+2C",3,64,NA,"data/TP1/TANK1_continue_Reflection__23__24.txt","TANK1_continue_Reflection__23__24.txt",2026-06-11 10:42:30.890207,1,1
"918","REV-sid26-052026","Reverse Reef",12,"+2C",1,68,NA,"data/TP1/TANK1_continue_Reflection__27__28.txt","TANK1_continue_Reflection__27__28.txt",2026-06-11 10:46:01.219374,1,1
"919","REV-sid26-052026","Reverse Reef",12,"+2C",2,69,NA,"data/TP1/TANK1_continue_Reflection__28__29.txt","TANK1_continue_Reflection__28__29.txt",2026-06-11 10:46:13.557858,1,1
"920","REV-sid26-052026","Reverse Reef",12,"+2C",3,70,NA,"data/TP1/TANK1_continue_Reflection__29__30.txt","TANK1_continue_Reflection__29__30.txt",2026-06-11 10:46:38.264023,1,1
"921","URB-sid06-052826","Dodge Island",12,"+2C",1,23,NA,"data/TP1/TANK1_Reflection__22__22.txt","TANK1_Reflection__22__22.txt",2026-06-11 09:35:01.412888,1,1
"922","URB-sid06-052826","Dodge Island",12,"+2C",2,24,NA,"data/TP1/TANK1_Reflection__23__23.txt","TANK1_Reflection__23__23.txt",2026-06-11 09:35:12.089119,1,1
"923","URB-sid06-052826","Dodge Island",12,"+2C",3,25,NA,"data/TP1/TANK1_Reflection__24__24.txt","TANK1_Reflection__24__24.txt",2026-06-11 09:35:21.830656,1,1
"924","URB-sid15-052826","Dodge Island",12,"+2C",1,47,NA,"data/TP1/TANK1_continue_Reflection__6__07.txt","TANK1_continue_Reflection__6__07.txt",2026-06-11 10:34:22.672852,1,1
"925","URB-sid15-052826","Dodge Island",12,"+2C",2,48,NA,"data/TP1/TANK1_continue_Reflection__7__08.txt","TANK1_continue_Reflection__7__08.txt",2026-06-11 10:34:33.034014,1,1
"926","URB-sid15-052826","Dodge Island",12,"+2C",3,49,NA,"data/TP1/TANK1_continue_Reflection__8__09.txt","TANK1_continue_Reflection__8__09.txt",2026-06-11 10:34:42.900187,1,1
"927","URB-sid35-052826","Dodge Island",12,"+2C",1,50,NA,"data/TP1/TANK1_continue_Reflection__9__10.txt","TANK1_continue_Reflection__9__10.txt",2026-06-11 10:35:42.88147,1,1
"928","URB-sid35-052826","Dodge Island",12,"+2C",2,51,NA,"data/TP1/TANK1_continue_Reflection__10__11.txt","TANK1_continue_Reflection__10__11.txt",2026-06-11 10:35:53.256182,1,1
"929","URB-sid35-052826","Dodge Island",12,"+2C",3,52,NA,"data/TP1/TANK1_continue_Reflection__11__12.txt","TANK1_continue_Reflection__11__12.txt",2026-06-11 10:36:07.845095,1,1
"930","cave-ssid10-04162026","Caves",12,"+2C",1,14,NA,"data/TP1/TANK1_Reflection__13__13.txt","TANK1_Reflection__13__13.txt",2026-06-11 09:30:57.104969,1,1
"931","cave-ssid10-04162026","Caves",12,"+2C",2,15,NA,"data/TP1/TANK1_Reflection__14__14.txt","TANK1_Reflection__14__14.txt",2026-06-11 09:31:19.001389,1,1
"932","cave-ssid10-04162026","Caves",12,"+2C",3,16,NA,"data/TP1/TANK1_Reflection__15__15.txt","TANK1_Reflection__15__15.txt",2026-06-11 09:31:51.04167,1,1
"933","cave-ssid18-04162026","Caves",12,"+2C",1,26,NA,"data/TP1/TANK1_Reflection__25__25.txt","TANK1_Reflection__25__25.txt",2026-06-11 09:38:03.471163,1,1
"934","cave-ssid18-04162026","Caves",12,"+2C",2,27,NA,"data/TP1/TANK1_Reflection__26__26.txt","TANK1_Reflection__26__26.txt",2026-06-11 09:38:13.353634,1,1
"935","cave-ssid18-04162026","Caves",12,"+2C",3,28,NA,"data/TP1/TANK1_Reflection__27__27.txt","TANK1_Reflection__27__27.txt",2026-06-11 09:38:26.741587,1,1
"936","cave-ssid28-04162026","Caves",12,"+2C",1,17,NA,"data/TP1/TANK1_Reflection__16__16.txt","TANK1_Reflection__16__16.txt",2026-06-11 09:32:42.672272,1,1
"937","cave-ssid28-04162026","Caves",12,"+2C",2,18,NA,"data/TP1/TANK1_Reflection__17__17.txt","TANK1_Reflection__17__17.txt",2026-06-11 09:32:54.937311,1,1
"938","cave-ssid28-04162026","Caves",12,"+2C",3,19,NA,"data/TP1/TANK1_Reflection__18__18.txt","TANK1_Reflection__18__18.txt",2026-06-11 09:33:08.34305,1,1
"939","ftlb2-ssid01-03222026","BAR",12,"+2C",1,59,NA,"data/TP1/TANK1_continue_Reflection__18__19.txt","TANK1_continue_Reflection__18__19.txt",2026-06-11 10:39:13.905027,1,1
"940","ftlb2-ssid01-03222026","BAR",12,"+2C",2,60,NA,"data/TP1/TANK1_continue_Reflection__19__20.txt","TANK1_continue_Reflection__19__20.txt",2026-06-11 10:39:26.994263,1,1
"941","ftlb2-ssid01-03222026","BAR",12,"+2C",3,61,NA,"data/TP1/TANK1_continue_Reflection__20__21.txt","TANK1_continue_Reflection__20__21.txt",2026-06-11 10:40:44.734449,1,1
"942","ftlb2-ssid05-03222026","BAR",12,"+2C",1,74,NA,"data/TP1/TANK1_continue_Reflection__33__34.txt","TANK1_continue_Reflection__33__34.txt",2026-06-11 10:50:09.238266,1,1
"943","ftlb2-ssid05-03222026","BAR",12,"+2C",2,75,NA,"data/TP1/TANK1_continue_Reflection__34__35.txt","TANK1_continue_Reflection__34__35.txt",2026-06-11 10:50:19.099287,1,1
"944","ftlb2-ssid05-03222026","BAR",12,"+2C",3,76,NA,"data/TP1/TANK1_continue_Reflection__35__36.txt","TANK1_continue_Reflection__35__36.txt",2026-06-11 10:50:27.952511,1,1
"945","sc-ssid05-04182026","South Canyon",12,"+2C",1,29,NA,"data/TP1/TANK1_Reflection__28__28.txt","TANK1_Reflection__28__28.txt",2026-06-11 09:39:25.569473,1,1
"946","sc-ssid05-04182026","South Canyon",12,"+2C",2,30,NA,"data/TP1/TANK1_Reflection__29__29.txt","TANK1_Reflection__29__29.txt",2026-06-11 09:39:39.155811,1,1
"947","sc-ssid05-04182026","South Canyon",12,"+2C",3,31,NA,"data/TP1/TANK1_Reflection__30__30.txt","TANK1_Reflection__30__30.txt",2026-06-11 09:39:52.592781,1,1
"948","sc-ssid11-04182026","South Canyon",12,"+2C",1,8,NA,"data/TP1/TANK1_Reflection__7__07.txt","TANK1_Reflection__7__07.txt",2026-06-11 09:28:48.504189,1,1
"949","sc-ssid11-04182026","South Canyon",12,"+2C",2,9,NA,"data/TP1/TANK1_Reflection__8__08.txt","TANK1_Reflection__8__08.txt",2026-06-11 09:29:02.512875,1,1
"950","sc-ssid11-04182026","South Canyon",12,"+2C",3,10,NA,"data/TP1/TANK1_Reflection__9__09.txt","TANK1_Reflection__9__09.txt",2026-06-11 09:29:10.799227,1,1
"951","sc-ssid14-04182026","South Canyon",12,"+2C",1,32,NA,"data/TP1/TANK1_Reflection__31__31.txt","TANK1_Reflection__31__31.txt",2026-06-11 09:40:58.956491,1,1
"952","sc-ssid14-04182026","South Canyon",12,"+2C",2,33,NA,"data/TP1/TANK1_Reflection__32__32.txt","TANK1_Reflection__32__32.txt",2026-06-11 09:41:15.901569,1,1
"953","sc-ssid14-04182026","South Canyon",12,"+2C",3,34,NA,"data/TP1/TANK1_Reflection__33__33.txt","TANK1_Reflection__33__33.txt",2026-06-11 09:41:26.750008,1,1
"954","skeleton_tank12",NA,12,"+2C",1,2,NA,"data/TP1/TANK1_Reflection__1__01.txt","TANK1_Reflection__1__01.txt",2026-06-11 09:20:19.802256,1,1
"955","skeleton_tank12",NA,12,"+2C",2,3,NA,"data/TP1/TANK1_Reflection__2__02.txt","TANK1_Reflection__2__02.txt",2026-06-11 09:21:22.653082,1,1
"956","skeleton_tank12",NA,12,"+2C",3,4,NA,"data/TP1/TANK1_Reflection__3__03.txt","TANK1_Reflection__3__03.txt",2026-06-11 09:22:42.56501,1,1
"957","spectralon_tank12",NA,12,"+2C",1,1,NA,"data/TP1/TANK1_Reflection__0__00.txt","TANK1_Reflection__0__00.txt",2026-06-11 09:17:00.150648,1,1
