"","fragment_ID","site","tank","treatment","scan","order_in_tank","notes","full_path","reflectance_file","file_time"
"1","DB-sid08-051426","Dania",1,"+4C",1,46,NA,"data/TP2/TANK1CONT_Reflection__30__30.txt","TANK1CONT_Reflection__30__30.txt",2026-06-17 00:11:36.108459
"2","DB-sid08-051426","Dania",1,"+4C",2,47,NA,"data/TP2/TANK1CONT_Reflection__31__31.txt","TANK1CONT_Reflection__31__31.txt",2026-06-17 00:11:53.30908
"3","DB-sid08-051426","Dania",1,"+4C",3,48,NA,"data/TP2/TANK1CONT_Reflection__32__32.txt","TANK1CONT_Reflection__32__32.txt",2026-06-17 00:12:07.441059
"4","DB-sid12-051426","Dania",1,"+4C",1,24,NA,"data/TP2/TANK1CONT_Reflection__8__08.txt","TANK1CONT_Reflection__8__08.txt",2026-06-16 23:55:53.822081
"5","DB-sid12-051426","Dania",1,"+4C",2,25,NA,"data/TP2/TANK1CONT_Reflection__9__09.txt","TANK1CONT_Reflection__9__09.txt",2026-06-16 23:56:09.864292
"6","DB-sid12-051426","Dania",1,"+4C",3,26,NA,"data/TP2/TANK1CONT_Reflection__10__10.txt","TANK1CONT_Reflection__10__10.txt",2026-06-16 23:56:27.806345
"7","DB-sid23-051426","Dania",1,"+4C",1,55,NA,"data/TP2/TANK1CONT_Reflection__39__39.txt","TANK1CONT_Reflection__39__39.txt",2026-06-17 00:15:54.577717
"8","DB-sid23-051426","Dania",1,"+4C",2,56,NA,"data/TP2/TANK1CONT_Reflection__40__40.txt","TANK1CONT_Reflection__40__40.txt",2026-06-17 00:16:09.315466
"9","DB-sid23-051426","Dania",1,"+4C",3,57,NA,"data/TP2/TANK1CONT_Reflection__41__41.txt","TANK1CONT_Reflection__41__41.txt",2026-06-17 00:16:36.568399
"10","EMERALD-sid10-052026","Emerald Reef",1,"+4C",1,13,"spectralon_tank3","data/TP2/TANK1_Reflection__12__48.txt","TANK1_Reflection__12__48.txt",2026-06-16 21:58:50.310787
"11","EMERALD-sid10-052026","Emerald Reef",1,"+4C",2,14,"spectralon_tank3","data/TP2/TANK1_Reflection__13__49.txt","TANK1_Reflection__13__49.txt",2026-06-16 21:59:16.256952
"12","EMERALD-sid10-052026","Emerald Reef",1,"+4C",3,15,"spectralon_tank3","data/TP2/TANK1_Reflection__14__50.txt","TANK1_Reflection__14__50.txt",2026-06-16 21:59:30.992071
"13","GRA-sid20-051426","Graceland",1,"+4C",2,43,NA,"data/TP2/TANK1CONT_Reflection__27__27.txt","TANK1CONT_Reflection__27__27.txt",2026-06-17 00:10:25.382524
"14","GRA-sid20-051426","Graceland",1,"+4C",3,44,NA,"data/TP2/TANK1CONT_Reflection__28__28.txt","TANK1CONT_Reflection__28__28.txt",2026-06-17 00:10:42.218357
"15","GRA-sid20-051426","Graceland",1,"+4C",4,45,NA,"data/TP2/TANK1CONT_Reflection__29__29.txt","TANK1CONT_Reflection__29__29.txt",2026-06-17 00:10:57.800825
"16","GRA-sid27-051426","Graceland",1,"+4C",1,20,NA,"data/TP2/TANK1CONT_Reflection__4__04.txt","TANK1CONT_Reflection__4__04.txt",2026-06-16 23:51:20.918373
"17","GRA-sid27-051426","Graceland",1,"+4C",2,21,NA,"data/TP2/TANK1CONT_Reflection__5__05.txt","TANK1CONT_Reflection__5__05.txt",2026-06-16 23:52:38.239065
"18","GRA-sid27-051426","Graceland",1,"+4C",3,22,NA,"data/TP2/TANK1CONT_Reflection__6__06.txt","TANK1CONT_Reflection__6__06.txt",2026-06-16 23:53:12.556572
"19","GRA-sid27-051426","Graceland",1,"+4C",4,23,NA,"data/TP2/TANK1CONT_Reflection__7__07.txt","TANK1CONT_Reflection__7__07.txt",2026-06-16 23:53:12.717152
"20","GRA-sid35-051426","Graceland",1,"+4C",1,7,"spectralon_tank3","data/TP2/TANK1_Reflection__6__42.txt","TANK1_Reflection__6__42.txt",2026-06-16 21:55:11.871956
"21","GRA-sid35-051426","Graceland",1,"+4C",2,8,"spectralon_tank3","data/TP2/TANK1_Reflection__7__43.txt","TANK1_Reflection__7__43.txt",2026-06-16 21:55:35.929916
"22","GRA-sid35-051426","Graceland",1,"+4C",3,9,"spectralon_tank3","data/TP2/TANK1_Reflection__8__44.txt","TANK1_Reflection__8__44.txt",2026-06-16 21:56:11.418497
"23","JR-sid19-052026","JR's Ledge",1,"+4C",1,36,NA,"data/TP2/TANK1CONT_Reflection__20__20.txt","TANK1CONT_Reflection__20__20.txt",2026-06-17 00:06:00.383265
"24","JR-sid19-052026","JR's Ledge",1,"+4C",2,37,NA,"data/TP2/TANK1CONT_Reflection__21__21.txt","TANK1CONT_Reflection__21__21.txt",2026-06-17 00:06:44.356033
"25","JR-sid19-052026","JR's Ledge",1,"+4C",3,38,NA,"data/TP2/TANK1CONT_Reflection__22__22.txt","TANK1CONT_Reflection__22__22.txt",2026-06-17 00:07:50.247528
"26","JR-sid31-052026","JR's Ledge",1,"+4C",1,52,NA,"data/TP2/TANK1CONT_Reflection__36__36.txt","TANK1CONT_Reflection__36__36.txt",2026-06-17 00:14:44.45266
"27","JR-sid31-052026","JR's Ledge",1,"+4C",2,53,NA,"data/TP2/TANK1CONT_Reflection__37__37.txt","TANK1CONT_Reflection__37__37.txt",2026-06-17 00:14:58.916077
"28","JR-sid31-052026","JR's Ledge",1,"+4C",3,54,NA,"data/TP2/TANK1CONT_Reflection__38__38.txt","TANK1CONT_Reflection__38__38.txt",2026-06-17 00:15:14.165726
"29","REV-sid09-052026","Reverse Reef",1,"+4C",1,10,"spectralon_tank3","data/TP2/TANK1_Reflection__9__45.txt","TANK1_Reflection__9__45.txt",2026-06-16 21:57:21.506207
"30","REV-sid09-052026","Reverse Reef",1,"+4C",2,11,"spectralon_tank3","data/TP2/TANK1_Reflection__10__46.txt","TANK1_Reflection__10__46.txt",2026-06-16 21:57:48.276089
"31","REV-sid09-052026","Reverse Reef",1,"+4C",3,12,"spectralon_tank3","data/TP2/TANK1_Reflection__11__47.txt","TANK1_Reflection__11__47.txt",2026-06-16 21:58:15.270464
"32","REV-sid16-052026","Reverse Reef",1,"+4C",1,33,NA,"data/TP2/TANK1CONT_Reflection__17__17.txt","TANK1CONT_Reflection__17__17.txt",2026-06-17 00:03:46.505327
"33","REV-sid16-052026","Reverse Reef",1,"+4C",2,34,NA,"data/TP2/TANK1CONT_Reflection__18__18.txt","TANK1CONT_Reflection__18__18.txt",2026-06-17 00:04:01.278723
"34","REV-sid16-052026","Reverse Reef",1,"+4C",3,35,NA,"data/TP2/TANK1CONT_Reflection__19__19.txt","TANK1CONT_Reflection__19__19.txt",2026-06-17 00:04:18.268759
"35","URB-sid16-052826","Dodge Island",1,"+4C",1,39,NA,"data/TP2/TANK1CONT_Reflection__23__23.txt","TANK1CONT_Reflection__23__23.txt",2026-06-17 00:08:48.78825
"36","URB-sid16-052826","Dodge Island",1,"+4C",2,40,NA,"data/TP2/TANK1CONT_Reflection__24__24.txt","TANK1CONT_Reflection__24__24.txt",2026-06-17 00:09:05.792345
"37","URB-sid16-052826","Dodge Island",1,"+4C",3,41,NA,"data/TP2/TANK1CONT_Reflection__25__25.txt","TANK1CONT_Reflection__25__25.txt",2026-06-17 00:09:20.713415
"38","URB-sid17-052826","Dodge Island",1,"+4C",1,49,NA,"data/TP2/TANK1CONT_Reflection__33__33.txt","TANK1CONT_Reflection__33__33.txt",2026-06-17 00:13:15.452398
"39","URB-sid17-052826","Dodge Island",1,"+4C",2,50,NA,"data/TP2/TANK1CONT_Reflection__34__34.txt","TANK1CONT_Reflection__34__34.txt",2026-06-17 00:13:34.067677
"40","URB-sid17-052826","Dodge Island",1,"+4C",3,51,NA,"data/TP2/TANK1CONT_Reflection__35__35.txt","TANK1CONT_Reflection__35__35.txt",2026-06-17 00:13:49.137268
"41","URB-sid34-052826","Dodge Island",1,"+4C",1,58,NA,"data/TP2/TANK1CONT_Reflection__42__42.txt","TANK1CONT_Reflection__42__42.txt",2026-06-17 00:17:18.767927
"42","URB-sid34-052826","Dodge Island",1,"+4C",2,59,NA,"data/TP2/TANK1CONT_Reflection__43__43.txt","TANK1CONT_Reflection__43__43.txt",2026-06-17 00:18:00.835447
"43","URB-sid34-052826","Dodge Island",1,"+4C",3,60,NA,"data/TP2/TANK1CONT_Reflection__44__44.txt","TANK1CONT_Reflection__44__44.txt",2026-06-17 00:18:30.682467
"44","cave-ssid17-04162026","Caves",1,"+4C",1,61,NA,"data/TP2/TANK1CONT_Reflection__45__45.txt","TANK1CONT_Reflection__45__45.txt",2026-06-17 00:19:16.234234
"45","cave-ssid17-04162026","Caves",1,"+4C",2,62,NA,"data/TP2/TANK1CONT_Reflection__46__46.txt","TANK1CONT_Reflection__46__46.txt",2026-06-17 00:19:39.501156
"46","cave-ssid17-04162026","Caves",1,"+4C",3,63,NA,"data/TP2/TANK1CONT_Reflection__47__47.txt","TANK1CONT_Reflection__47__47.txt",2026-06-17 00:20:20.879463
"47","cave-ssid22-04162026","Caves",1,"+4C",1,30,NA,"data/TP2/TANK1CONT_Reflection__14__14.txt","TANK1CONT_Reflection__14__14.txt",2026-06-17 00:00:35.299126
"48","cave-ssid22-04162026","Caves",1,"+4C",2,31,NA,"data/TP2/TANK1CONT_Reflection__15__15.txt","TANK1CONT_Reflection__15__15.txt",2026-06-17 00:02:29.519358
"49","cave-ssid22-04162026","Caves",1,"+4C",3,32,NA,"data/TP2/TANK1CONT_Reflection__16__16.txt","TANK1CONT_Reflection__16__16.txt",2026-06-17 00:02:42.175863
"50","ftlb1-ssid04-03232026","BAR",1,"+4C",1,27,NA,"data/TP2/TANK1CONT_Reflection__11__11.txt","TANK1CONT_Reflection__11__11.txt",2026-06-16 23:57:26.077734
"51","ftlb1-ssid04-03232026","BAR",1,"+4C",2,28,NA,"data/TP2/TANK1CONT_Reflection__12__12.txt","TANK1CONT_Reflection__12__12.txt",2026-06-16 23:58:02.328526
"52","ftlb1-ssid04-03232026","BAR",1,"+4C",3,29,NA,"data/TP2/TANK1CONT_Reflection__13__13.txt","TANK1CONT_Reflection__13__13.txt",2026-06-16 23:58:40.316982
"53","ftlb1-ssid07-03232026","BAR",1,"+4C",1,1,"spectralon_tank3","data/TP2/TANK1_Reflection__0__36.txt","TANK1_Reflection__0__36.txt",2026-06-16 21:50:40.93211
"54","ftlb1-ssid07-03232026","BAR",1,"+4C",2,2,"spectralon_tank3","data/TP2/TANK1_Reflection__1__37.txt","TANK1_Reflection__1__37.txt",2026-06-16 21:50:53.809059
"55","ftlb1-ssid07-03232026","BAR",1,"+4C",3,3,"spectralon_tank3","data/TP2/TANK1_Reflection__2__38.txt","TANK1_Reflection__2__38.txt",2026-06-16 21:51:14.377771
"56","ftlb1-ssid09-03232026","BAR",1,"+4C",1,4,"spectralon_tank3","data/TP2/TANK1_Reflection__3__39.txt","TANK1_Reflection__3__39.txt",2026-06-16 21:52:44.659256
"57","ftlb1-ssid09-03232026","BAR",1,"+4C",2,5,"spectralon_tank3","data/TP2/TANK1_Reflection__4__40.txt","TANK1_Reflection__4__40.txt",2026-06-16 21:52:57.09544
"58","ftlb1-ssid09-03232026","BAR",1,"+4C",3,6,"spectralon_tank3","data/TP2/TANK1_Reflection__5__41.txt","TANK1_Reflection__5__41.txt",2026-06-16 21:53:14.71629
"59","sc-ssid18-04182026","South Canyon",1,"+4C",1,64,NA,"data/TP2/TANK1CONT_Reflection__48__48.txt","TANK1CONT_Reflection__48__48.txt",2026-06-17 00:21:06.423363
"60","sc-ssid18-04182026","South Canyon",1,"+4C",2,65,NA,"data/TP2/TANK1CONT_Reflection__49__49.txt","TANK1CONT_Reflection__49__49.txt",2026-06-17 00:21:22.759676
"61","sc-ssid18-04182026","South Canyon",1,"+4C",3,66,NA,"data/TP2/TANK1CONT_Reflection__50__50.txt","TANK1CONT_Reflection__50__50.txt",2026-06-17 00:21:46.515442
"62","skeleton_tank1",NA,1,"+4C",1,17,NA,"data/TP2/TANK1CONT_Reflection__1__01.txt","TANK1CONT_Reflection__1__01.txt",2026-06-16 23:49:45.823744
"63","skeleton_tank1",NA,1,"+4C",2,18,NA,"data/TP2/TANK1CONT_Reflection__2__02.txt","TANK1CONT_Reflection__2__02.txt",2026-06-16 23:49:57.859591
"64","skeleton_tank1",NA,1,"+4C",3,19,NA,"data/TP2/TANK1CONT_Reflection__3__03.txt","TANK1CONT_Reflection__3__03.txt",2026-06-16 23:50:17.744631
"65","spectralon_tank1",NA,1,"+4C",1,16,NA,"data/TP2/TANK1CONT_Reflection__0__00.txt","TANK1CONT_Reflection__0__00.txt",2026-06-16 23:48:47.177959
"66","DB-sid24-051426","Dania",2,"control",1,4,"spectralon_tank3","data/TP2/TANK2_Reflection__3__24.txt","TANK2_Reflection__3__24.txt",2026-06-16 21:42:08.801493
"67","DB-sid24-051426","Dania",2,"control",2,5,"spectralon_tank3","data/TP2/TANK2_Reflection__4__25.txt","TANK2_Reflection__4__25.txt",2026-06-16 21:42:24.146133
"68","DB-sid24-051426","Dania",2,"control",3,6,"spectralon_tank3","data/TP2/TANK2_Reflection__5__26.txt","TANK2_Reflection__5__26.txt",2026-06-16 21:42:45.311857
"69","DB-sid27-051426","Dania",2,"control",1,23,NA,"data/TP2/TANK2CONT_Reflection__7__07.txt","TANK2CONT_Reflection__7__07.txt",2026-06-16 23:01:08.77684
"70","DB-sid27-051426","Dania",2,"control",2,24,NA,"data/TP2/TANK2CONT_Reflection__8__08.txt","TANK2CONT_Reflection__8__08.txt",2026-06-16 23:01:25.725628
"71","DB-sid27-051426","Dania",2,"control",3,25,NA,"data/TP2/TANK2CONT_Reflection__9__09.txt","TANK2CONT_Reflection__9__09.txt",2026-06-16 23:01:36.962481
"72","DB-sid27-051426","Dania",2,"control",4,26,NA,"data/TP2/TANK2CONT_Reflection__10__10.txt","TANK2CONT_Reflection__10__10.txt",2026-06-16 23:03:14.658876
"73","DB-sid36-051426","Dania",2,"control",1,30,NA,"data/TP2/TANK2CONT_Reflection__14__14.txt","TANK2CONT_Reflection__14__14.txt",2026-06-16 23:04:39.052214
"74","DB-sid36-051426","Dania",2,"control",2,31,NA,"data/TP2/TANK2CONT_Reflection__15__15.txt","TANK2CONT_Reflection__15__15.txt",2026-06-16 23:04:55.657907
"75","DB-sid36-051426","Dania",2,"control",3,32,NA,"data/TP2/TANK2CONT_Reflection__16__16.txt","TANK2CONT_Reflection__16__16.txt",2026-06-16 23:05:54.286179
"76","EMERALD-sid03-052026","Emerald Reef",2,"control",1,45,NA,"data/TP2/TANK2CONT_Reflection__29__29.txt","TANK2CONT_Reflection__29__29.txt",2026-06-16 23:20:42.202
"77","EMERALD-sid03-052026","Emerald Reef",2,"control",2,46,NA,"data/TP2/TANK2CONT_Reflection__30__30.txt","TANK2CONT_Reflection__30__30.txt",2026-06-16 23:20:58.984077
"78","EMERALD-sid03-052026","Emerald Reef",2,"control",3,47,NA,"data/TP2/TANK2CONT_Reflection__31__31.txt","TANK2CONT_Reflection__31__31.txt",2026-06-16 23:23:31.238417
"79","GRA-sid08-051426","Graceland",2,"control",1,51,NA,"data/TP2/TANK2CONT_Reflection__35__35.txt","TANK2CONT_Reflection__35__35.txt",2026-06-16 23:25:29.102568
"80","GRA-sid08-051426","Graceland",2,"control",2,52,NA,"data/TP2/TANK2CONT_Reflection__36__36.txt","TANK2CONT_Reflection__36__36.txt",2026-06-16 23:25:58.629227
"81","GRA-sid08-051426","Graceland",2,"control",3,53,NA,"data/TP2/TANK2CONT_Reflection__37__37.txt","TANK2CONT_Reflection__37__37.txt",2026-06-16 23:27:14.272652
"82","GRA-sid23-051426","Graceland",2,"control",1,1,"spectralon_tank3","data/TP2/TANK2_Reflection__0__21.txt","TANK2_Reflection__0__21.txt",2026-06-16 21:39:41.064854
"83","GRA-sid23-051426","Graceland",2,"control",2,2,"spectralon_tank3","data/TP2/TANK2_Reflection__1__22.txt","TANK2_Reflection__1__22.txt",2026-06-16 21:40:12.610973
"84","GRA-sid23-051426","Graceland",2,"control",3,3,"spectralon_tank3","data/TP2/TANK2_Reflection__2__23.txt","TANK2_Reflection__2__23.txt",2026-06-16 21:40:34.196318
"85","GRA-sid33-051426","Graceland",2,"control",1,57,NA,"data/TP2/TANK2CONT_Reflection__41__41.txt","TANK2CONT_Reflection__41__41.txt",2026-06-16 23:28:42.758539
"86","GRA-sid33-051426","Graceland",2,"control",2,58,NA,"data/TP2/TANK2CONT_Reflection__42__42.txt","TANK2CONT_Reflection__42__42.txt",2026-06-16 23:29:17.612926
"87","GRA-sid33-051426","Graceland",2,"control",3,59,NA,"data/TP2/TANK2CONT_Reflection__43__43.txt","TANK2CONT_Reflection__43__43.txt",2026-06-16 23:30:02.865366
"88","HB-sid12-051426","Hollywood",2,"control",1,20,NA,"data/TP2/TANK2CONT_Reflection__4__04.txt","TANK2CONT_Reflection__4__04.txt",2026-06-16 22:59:43.413923
"89","HB-sid12-051426","Hollywood",2,"control",2,21,NA,"data/TP2/TANK2CONT_Reflection__5__05.txt","TANK2CONT_Reflection__5__05.txt",2026-06-16 23:00:14.868393
"90","HB-sid12-051426","Hollywood",2,"control",3,22,NA,"data/TP2/TANK2CONT_Reflection__6__06.txt","TANK2CONT_Reflection__6__06.txt",2026-06-16 23:00:30.940018
"91","JR-sid02-052026","JR's Ledge",2,"control",1,48,NA,"data/TP2/TANK2CONT_Reflection__32__32.txt","TANK2CONT_Reflection__32__32.txt",2026-06-16 23:24:02.00489
"92","JR-sid02-052026","JR's Ledge",2,"control",2,49,NA,"data/TP2/TANK2CONT_Reflection__33__33.txt","TANK2CONT_Reflection__33__33.txt",2026-06-16 23:24:20.843002
"93","JR-sid02-052026","JR's Ledge",2,"control",3,50,NA,"data/TP2/TANK2CONT_Reflection__34__34.txt","TANK2CONT_Reflection__34__34.txt",2026-06-16 23:25:08.908014
"94","JR-sid25-052026","JR's Ledge",2,"control",1,39,NA,"data/TP2/TANK2CONT_Reflection__23__23.txt","TANK2CONT_Reflection__23__23.txt",2026-06-16 23:11:33.568748
"95","JR-sid25-052026","JR's Ledge",2,"control",2,40,NA,"data/TP2/TANK2CONT_Reflection__24__24.txt","TANK2CONT_Reflection__24__24.txt",2026-06-16 23:12:05.027498
"96","JR-sid25-052026","JR's Ledge",2,"control",3,41,NA,"data/TP2/TANK2CONT_Reflection__25__25.txt","TANK2CONT_Reflection__25__25.txt",2026-06-16 23:15:43.108721
"97","JR-sid30-052026","JR's Ledge",2,"control",1,13,"spectralon_tank3","data/TP2/TANK2_Reflection__12__33.txt","TANK2_Reflection__12__33.txt",2026-06-16 21:47:52.228706
"98","JR-sid30-052026","JR's Ledge",2,"control",2,14,"spectralon_tank3","data/TP2/TANK2_Reflection__13__34.txt","TANK2_Reflection__13__34.txt",2026-06-16 21:48:05.938194
"99","JR-sid30-052026","JR's Ledge",2,"control",3,15,"spectralon_tank3","data/TP2/TANK2_Reflection__14__35.txt","TANK2_Reflection__14__35.txt",2026-06-16 21:48:18.394587
"100","REV-sid17-052026","Reverse Reef",2,"control",1,63,NA,"data/TP2/TANK2CONT_Reflection__47__47.txt","TANK2CONT_Reflection__47__47.txt",2026-06-16 23:32:14.067137
"101","REV-sid17-052026","Reverse Reef",2,"control",2,64,NA,"data/TP2/TANK2CONT_Reflection__48__48.txt","TANK2CONT_Reflection__48__48.txt",2026-06-16 23:32:32.206217
"102","REV-sid17-052026","Reverse Reef",2,"control",3,65,NA,NA,NA,NA
"103","REV-sid19-052026","Reverse Reef",2,"control",1,54,NA,"data/TP2/TANK2CONT_Reflection__38__38.txt","TANK2CONT_Reflection__38__38.txt",2026-06-16 23:27:29.472853
"104","REV-sid19-052026","Reverse Reef",2,"control",2,55,NA,"data/TP2/TANK2CONT_Reflection__39__39.txt","TANK2CONT_Reflection__39__39.txt",2026-06-16 23:27:42.112246
"105","REV-sid19-052026","Reverse Reef",2,"control",3,56,NA,"data/TP2/TANK2CONT_Reflection__40__40.txt","TANK2CONT_Reflection__40__40.txt",2026-06-16 23:28:29.109465
"106","REV-sid27-052026","Reverse Reef",2,"control",1,7,"spectralon_tank3","data/TP2/TANK2_Reflection__6__27.txt","TANK2_Reflection__6__27.txt",2026-06-16 21:44:00.462492
"107","REV-sid27-052026","Reverse Reef",2,"control",2,8,"spectralon_tank3","data/TP2/TANK2_Reflection__7__28.txt","TANK2_Reflection__7__28.txt",2026-06-16 21:44:27.022388
"108","REV-sid27-052026","Reverse Reef",2,"control",3,9,"spectralon_tank3","data/TP2/TANK2_Reflection__8__29.txt","TANK2_Reflection__8__29.txt",2026-06-16 21:44:52.983707
"109","URB-sid03-052826","Dodge Island",2,"control",1,27,NA,"data/TP2/TANK2CONT_Reflection__11__11.txt","TANK2CONT_Reflection__11__11.txt",2026-06-16 23:03:27.781124
"110","URB-sid03-052826","Dodge Island",2,"control",2,28,NA,"data/TP2/TANK2CONT_Reflection__12__12.txt","TANK2CONT_Reflection__12__12.txt",2026-06-16 23:03:45.431149
"111","URB-sid03-052826","Dodge Island",2,"control",3,29,NA,"data/TP2/TANK2CONT_Reflection__13__13.txt","TANK2CONT_Reflection__13__13.txt",2026-06-16 23:04:26.776136
"112","URB-sid38-052826","Dodge Island",2,"control",1,36,NA,"data/TP2/TANK2CONT_Reflection__20__20.txt","TANK2CONT_Reflection__20__20.txt",2026-06-16 23:09:25.083162
"113","URB-sid38-052826","Dodge Island",2,"control",2,37,NA,"data/TP2/TANK2CONT_Reflection__21__21.txt","TANK2CONT_Reflection__21__21.txt",2026-06-16 23:10:00.655842
"114","URB-sid38-052826","Dodge Island",2,"control",3,38,NA,"data/TP2/TANK2CONT_Reflection__22__22.txt","TANK2CONT_Reflection__22__22.txt",2026-06-16 23:11:11.800602
"115","cave-ssid01-04162026","Caves",2,"control",1,42,NA,"data/TP2/TANK2CONT_Reflection__26__26.txt","TANK2CONT_Reflection__26__26.txt",2026-06-16 23:16:05.372339
"116","cave-ssid01-04162026","Caves",2,"control",2,43,NA,"data/TP2/TANK2CONT_Reflection__27__27.txt","TANK2CONT_Reflection__27__27.txt",2026-06-16 23:16:36.805468
"117","cave-ssid01-04162026","Caves",2,"control",3,44,NA,"data/TP2/TANK2CONT_Reflection__28__28.txt","TANK2CONT_Reflection__28__28.txt",2026-06-16 23:17:44.765158
"118","ftlb2-ssid18-03222026","BAR",2,"control",1,60,NA,"data/TP2/TANK2CONT_Reflection__44__44.txt","TANK2CONT_Reflection__44__44.txt",2026-06-16 23:30:19.819809
"119","ftlb2-ssid18-03222026","BAR",2,"control",2,61,NA,"data/TP2/TANK2CONT_Reflection__45__45.txt","TANK2CONT_Reflection__45__45.txt",2026-06-16 23:30:54.216316
"120","ftlb2-ssid18-03222026","BAR",2,"control",3,62,NA,"data/TP2/TANK2CONT_Reflection__46__46.txt","TANK2CONT_Reflection__46__46.txt",2026-06-16 23:31:37.096672
"121","sc-ssid09-04182026","South Canyon",2,"control",1,33,NA,"data/TP2/TANK2CONT_Reflection__17__17.txt","TANK2CONT_Reflection__17__17.txt",2026-06-16 23:06:08.102579
"122","sc-ssid09-04182026","South Canyon",2,"control",2,34,NA,"data/TP2/TANK2CONT_Reflection__18__18.txt","TANK2CONT_Reflection__18__18.txt",2026-06-16 23:06:20.021969
"123","sc-ssid09-04182026","South Canyon",2,"control",3,35,NA,"data/TP2/TANK2CONT_Reflection__19__19.txt","TANK2CONT_Reflection__19__19.txt",2026-06-16 23:08:24.081469
"124","sc-ssid27-04182026","South Canyon",2,"control",1,10,"spectralon_tank3","data/TP2/TANK2_Reflection__9__30.txt","TANK2_Reflection__9__30.txt",2026-06-16 21:46:17.218361
"125","sc-ssid27-04182026","South Canyon",2,"control",2,11,"spectralon_tank3","data/TP2/TANK2_Reflection__10__31.txt","TANK2_Reflection__10__31.txt",2026-06-16 21:46:44.202286
"126","sc-ssid27-04182026","South Canyon",2,"control",3,12,"spectralon_tank3","data/TP2/TANK2_Reflection__11__32.txt","TANK2_Reflection__11__32.txt",2026-06-16 21:47:02.254066
"127","skeleton_tank2",NA,2,"control",1,17,NA,"data/TP2/TANK2CONT_Reflection__1__01.txt","TANK2CONT_Reflection__1__01.txt",2026-06-16 22:57:41.493412
"128","skeleton_tank2",NA,2,"control",2,18,NA,"data/TP2/TANK2CONT_Reflection__2__02.txt","TANK2CONT_Reflection__2__02.txt",2026-06-16 22:57:53.263992
"129","skeleton_tank2",NA,2,"control",3,19,NA,"data/TP2/TANK2CONT_Reflection__3__03.txt","TANK2CONT_Reflection__3__03.txt",2026-06-16 22:58:05.207537
"130","spectralon_tank2",NA,2,"control",1,16,NA,"data/TP2/TANK2CONT_Reflection__0__00.txt","TANK2CONT_Reflection__0__00.txt",2026-06-16 22:57:05.30135
"131","DB-sid28-051426","Dania",3,"+2C",1,45,NA,"data/TP2/TANK3_Reflection__23__74.txt","TANK3_Reflection__23__74.txt",2026-06-16 22:17:33.455
"132","DB-sid28-051426","Dania",3,"+2C",2,46,NA,"data/TP2/TANK3_Reflection__24__75.txt","TANK3_Reflection__24__75.txt",2026-06-16 22:17:52.554674
"133","DB-sid28-051426","Dania",3,"+2C",3,47,NA,"data/TP2/TANK3_Reflection__25__76.txt","TANK3_Reflection__25__76.txt",2026-06-16 22:18:08.729778
"134","EMERALD-sid04-052026","Emerald Reef",3,"+2C",1,15,NA,"data/TP2/TANK3_Reflection__14__14.txt","TANK3_Reflection__14__14.txt",2026-06-16 21:35:50.269512
"135","EMERALD-sid04-052026","Emerald Reef",3,"+2C",2,16,NA,"data/TP2/TANK3_Reflection__15__15.txt","TANK3_Reflection__15__15.txt",2026-06-16 21:36:17.677872
"136","EMERALD-sid04-052026","Emerald Reef",3,"+2C",3,17,NA,"data/TP2/TANK3_Reflection__16__16.txt","TANK3_Reflection__16__16.txt",2026-06-16 21:36:49.41185
"137","EMERALD-sid06-052026","Emerald Reef",3,"+2C",1,66,NA,"data/TP2/TANK3_Reflection__44__95.txt","TANK3_Reflection__44__95.txt",2026-06-16 22:29:37.505617
"138","EMERALD-sid06-052026","Emerald Reef",3,"+2C",2,67,NA,"data/TP2/TANK3_Reflection__45__96.txt","TANK3_Reflection__45__96.txt",2026-06-16 22:29:53.31251
"139","EMERALD-sid06-052026","Emerald Reef",3,"+2C",3,68,NA,"data/TP2/TANK3_Reflection__46__97.txt","TANK3_Reflection__46__97.txt",2026-06-16 22:30:06.211321
"140","GRA-sid11-051426","Graceland",3,"+2C",1,22,NA,"data/TP2/TANK3_Reflection__0__51.txt","TANK3_Reflection__0__51.txt",2026-06-16 22:00:46.652626
"141","GRA-sid11-051426","Graceland",3,"+2C",2,23,NA,"data/TP2/TANK3_Reflection__1__52.txt","TANK3_Reflection__1__52.txt",2026-06-16 22:01:35.772787
"142","GRA-sid11-051426","Graceland",3,"+2C",3,24,NA,"data/TP2/TANK3_Reflection__2__53.txt","TANK3_Reflection__2__53.txt",2026-06-16 22:01:48.449732
"143","GRA-sid25-051426","Graceland",3,"+2C",1,63,NA,"data/TP2/TANK3_Reflection__41__92.txt","TANK3_Reflection__41__92.txt",2026-06-16 22:28:19.510868
"144","GRA-sid25-051426","Graceland",3,"+2C",2,64,NA,"data/TP2/TANK3_Reflection__42__93.txt","TANK3_Reflection__42__93.txt",2026-06-16 22:28:42.387835
"145","GRA-sid25-051426","Graceland",3,"+2C",3,65,NA,"data/TP2/TANK3_Reflection__43__94.txt","TANK3_Reflection__43__94.txt",2026-06-16 22:29:05.907015
"146","GRA-sid28-051426","Graceland",3,"+2C",1,42,NA,"data/TP2/TANK3_Reflection__20__71.txt","TANK3_Reflection__20__71.txt",2026-06-16 22:15:37.841206
"147","GRA-sid28-051426","Graceland",3,"+2C",2,43,NA,"data/TP2/TANK3_Reflection__21__72.txt","TANK3_Reflection__21__72.txt",2026-06-16 22:15:53.810196
"148","GRA-sid28-051426","Graceland",3,"+2C",3,44,NA,"data/TP2/TANK3_Reflection__22__73.txt","TANK3_Reflection__22__73.txt",2026-06-16 22:16:41.728109
"149","HB-sid05-051426","Hollywood",3,"+2C",1,32,NA,"data/TP2/TANK3_Reflection__10__61.txt","TANK3_Reflection__10__61.txt",2026-06-16 22:07:47.498734
"150","HB-sid05-051426","Hollywood",3,"+2C",2,33,NA,"data/TP2/TANK3_Reflection__11__62.txt","TANK3_Reflection__11__62.txt",2026-06-16 22:07:58.942057
"151","HB-sid05-051426","Hollywood",3,"+2C",3,34,NA,"data/TP2/TANK3_Reflection__12__63.txt","TANK3_Reflection__12__63.txt",2026-06-16 22:08:09.102448
"152","JR-sid29-052026","JR's Ledge",3,"+2C",1,18,NA,"data/TP2/TANK3_Reflection__17__17.txt","TANK3_Reflection__17__17.txt",2026-06-16 21:38:07.679337
"153","JR-sid29-052026","JR's Ledge",3,"+2C",2,19,NA,"data/TP2/TANK3_Reflection__18__18.txt","TANK3_Reflection__18__18.txt",2026-06-16 21:38:21.597725
"154","JR-sid29-052026","JR's Ledge",3,"+2C",4,21,NA,"data/TP2/TANK3_Reflection__20__20.txt","TANK3_Reflection__20__20.txt",2026-06-16 21:38:44.405552
"155","JR-sid35-052026","JR's Ledge",3,"+2C",1,39,NA,"data/TP2/TANK3_Reflection__17__68.txt","TANK3_Reflection__17__68.txt",2026-06-16 22:13:31.496241
"156","JR-sid35-052026","JR's Ledge",3,"+2C",2,40,NA,"data/TP2/TANK3_Reflection__18__69.txt","TANK3_Reflection__18__69.txt",2026-06-16 22:13:51.428772
"157","JR-sid35-052026","JR's Ledge",3,"+2C",3,41,NA,"data/TP2/TANK3_Reflection__19__70.txt","TANK3_Reflection__19__70.txt",2026-06-16 22:14:02.617958
"158","REV-sid28-052026","Reverse Reef",3,"+2C",1,60,NA,"data/TP2/TANK3_Reflection__38__89.txt","TANK3_Reflection__38__89.txt",2026-06-16 22:27:08.418777
"159","REV-sid28-052026","Reverse Reef",3,"+2C",2,61,NA,"data/TP2/TANK3_Reflection__39__90.txt","TANK3_Reflection__39__90.txt",2026-06-16 22:27:21.09775
"160","REV-sid28-052026","Reverse Reef",3,"+2C",3,62,NA,"data/TP2/TANK3_Reflection__40__91.txt","TANK3_Reflection__40__91.txt",2026-06-16 22:27:38.336599
"161","REV-sid30-052026","Reverse Reef",3,"+2C",1,57,NA,"data/TP2/TANK3_Reflection__35__86.txt","TANK3_Reflection__35__86.txt",2026-06-16 22:24:26.392269
"162","REV-sid30-052026","Reverse Reef",3,"+2C",2,58,NA,"data/TP2/TANK3_Reflection__36__87.txt","TANK3_Reflection__36__87.txt",2026-06-16 22:24:40.939465
"163","REV-sid30-052026","Reverse Reef",3,"+2C",3,59,NA,"data/TP2/TANK3_Reflection__37__88.txt","TANK3_Reflection__37__88.txt",2026-06-16 22:25:49.367508
"164","REV-sid35-052026","Reverse Reef",3,"+2C",1,25,NA,"data/TP2/TANK3_Reflection__3__54.txt","TANK3_Reflection__3__54.txt",2026-06-16 22:03:18.676098
"165","REV-sid35-052026","Reverse Reef",3,"+2C",2,26,NA,"data/TP2/TANK3_Reflection__4__55.txt","TANK3_Reflection__4__55.txt",2026-06-16 22:03:31.968254
"166","REV-sid35-052026","Reverse Reef",3,"+2C",3,27,NA,"data/TP2/TANK3_Reflection__5__56.txt","TANK3_Reflection__5__56.txt",2026-06-16 22:03:58.116659
"167","URB-sid28-052826","Dodge Island",3,"+2C",1,5,NA,"data/TP2/TANK3_Reflection__4__04.txt","TANK3_Reflection__4__04.txt",2026-06-16 21:28:42.724306
"168","URB-sid28-052826","Dodge Island",3,"+2C",2,6,NA,"data/TP2/TANK3_Reflection__5__05.txt","TANK3_Reflection__5__05.txt",2026-06-16 21:28:55.592863
"169","URB-sid28-052826","Dodge Island",3,"+2C",3,7,NA,"data/TP2/TANK3_Reflection__6__06.txt","TANK3_Reflection__6__06.txt",2026-06-16 21:29:12.609749
"170","URB-sid30-052826","Dodge Island",3,"+2C",1,51,NA,"data/TP2/TANK3_Reflection__29__80.txt","TANK3_Reflection__29__80.txt",2026-06-16 22:20:09.807467
"171","URB-sid30-052826","Dodge Island",3,"+2C",2,52,NA,"data/TP2/TANK3_Reflection__30__81.txt","TANK3_Reflection__30__81.txt",2026-06-16 22:20:48.288778
"172","URB-sid30-052826","Dodge Island",3,"+2C",3,53,NA,"data/TP2/TANK3_Reflection__31__82.txt","TANK3_Reflection__31__82.txt",2026-06-16 22:21:04.303911
"173","cave-ssid03-04162026","Caves",3,"+2C",1,48,NA,"data/TP2/TANK3_Reflection__26__77.txt","TANK3_Reflection__26__77.txt",2026-06-16 22:18:58.716194
"174","cave-ssid03-04162026","Caves",3,"+2C",2,49,NA,"data/TP2/TANK3_Reflection__27__78.txt","TANK3_Reflection__27__78.txt",2026-06-16 22:19:17.018688
"175","cave-ssid03-04162026","Caves",3,"+2C",3,50,NA,"data/TP2/TANK3_Reflection__28__79.txt","TANK3_Reflection__28__79.txt",2026-06-16 22:19:32.184805
"176","cave-ssid13-04162026","Caves",3,"+2C",1,28,NA,"data/TP2/TANK3_Reflection__6__57.txt","TANK3_Reflection__6__57.txt",2026-06-16 22:06:02.146736
"177","cave-ssid13-04162026","Caves",3,"+2C",2,29,NA,"data/TP2/TANK3_Reflection__7__58.txt","TANK3_Reflection__7__58.txt",2026-06-16 22:06:27.673128
"178","cave-ssid13-04162026","Caves",3,"+2C",4,31,NA,"data/TP2/TANK3_Reflection__9__60.txt","TANK3_Reflection__9__60.txt",2026-06-16 22:06:52.540359
"179","ftlb2-ssid03-03222026","BAR",3,"+2C",1,54,NA,"data/TP2/TANK3_Reflection__32__83.txt","TANK3_Reflection__32__83.txt",2026-06-16 22:22:47.417871
"180","ftlb2-ssid03-03222026","BAR",3,"+2C",2,55,NA,"data/TP2/TANK3_Reflection__33__84.txt","TANK3_Reflection__33__84.txt",2026-06-16 22:23:01.545004
"181","ftlb2-ssid03-03222026","BAR",3,"+2C",3,56,NA,"data/TP2/TANK3_Reflection__34__85.txt","TANK3_Reflection__34__85.txt",2026-06-16 22:23:17.557426
"182","ftlb2-ssid08-03222026","BAR",3,"+2C",1,35,NA,"data/TP2/TANK3_Reflection__13__64.txt","TANK3_Reflection__13__64.txt",2026-06-16 22:11:30.089855
"183","ftlb2-ssid08-03222026","BAR",3,"+2C",3,37,NA,"data/TP2/TANK3_Reflection__15__66.txt","TANK3_Reflection__15__66.txt",2026-06-16 22:12:01.450336
"184","ftlb2-ssid08-03222026","BAR",3,"+2C",4,38,NA,"data/TP2/TANK3_Reflection__16__67.txt","TANK3_Reflection__16__67.txt",2026-06-16 22:12:33.396032
"185","ftlb2-ssid12-03222026","BAR",3,"+2C",1,11,NA,"data/TP2/TANK3_Reflection__10__10.txt","TANK3_Reflection__10__10.txt",2026-06-16 21:33:09.033148
"186","ftlb2-ssid12-03222026","BAR",3,"+2C",2,12,NA,"data/TP2/TANK3_Reflection__11__11.txt","TANK3_Reflection__11__11.txt",2026-06-16 21:33:09.240471
"187","ftlb2-ssid12-03222026","BAR",3,"+2C",3,13,NA,"data/TP2/TANK3_Reflection__12__12.txt","TANK3_Reflection__12__12.txt",2026-06-16 21:33:36.415417
"188","ftlb2-ssid12-03222026","BAR",3,"+2C",4,14,NA,"data/TP2/TANK3_Reflection__13__13.txt","TANK3_Reflection__13__13.txt",2026-06-16 21:33:53.243889
"189","sc-ssid13-04182026","South Canyon",3,"+2C",1,8,NA,"data/TP2/TANK3_Reflection__7__07.txt","TANK3_Reflection__7__07.txt",2026-06-16 21:29:56.198242
"190","sc-ssid13-04182026","South Canyon",3,"+2C",2,9,NA,"data/TP2/TANK3_Reflection__8__08.txt","TANK3_Reflection__8__08.txt",2026-06-16 21:30:42.701855
"191","sc-ssid13-04182026","South Canyon",3,"+2C",3,10,NA,"data/TP2/TANK3_Reflection__9__09.txt","TANK3_Reflection__9__09.txt",2026-06-16 21:30:56.829597
"192","skeleton_tank3",NA,3,"+2C",1,2,NA,"data/TP2/TANK3_Reflection__1__01.txt","TANK3_Reflection__1__01.txt",2026-06-16 21:26:26.455524
"193","skeleton_tank3",NA,3,"+2C",2,3,NA,"data/TP2/TANK3_Reflection__2__02.txt","TANK3_Reflection__2__02.txt",2026-06-16 21:26:37.463276
"194","skeleton_tank3",NA,3,"+2C",3,4,NA,"data/TP2/TANK3_Reflection__3__03.txt","TANK3_Reflection__3__03.txt",2026-06-16 21:26:48.896662
"195","spectralon_tank3",NA,3,"+2C",1,1,NA,"data/TP2/TANK3_Reflection__0__00.txt","TANK3_Reflection__0__00.txt",2026-06-16 21:26:00.227768
"196","DB-sid19-051426","Dania",4,"+4C",1,32,NA,"data/TP2/TANK4_Reflection__31__31.txt","TANK4_Reflection__31__31.txt",2026-06-16 12:21:51.749117
"197","DB-sid19-051426","Dania",4,"+4C",2,33,NA,"data/TP2/TANK4_Reflection__32__32.txt","TANK4_Reflection__32__32.txt",2026-06-16 12:22:07.061712
"198","DB-sid19-051426","Dania",4,"+4C",3,34,NA,"data/TP2/TANK4_Reflection__33__33.txt","TANK4_Reflection__33__33.txt",2026-06-16 12:22:24.714756
"199","EMERALD-sid13-052026","Emerald Reef",4,"+4C",1,50,NA,"data/TP2/TANK4_Reflection__49__49.txt","TANK4_Reflection__49__49.txt",2026-06-16 12:35:29.386486
"200","EMERALD-sid13-052026","Emerald Reef",4,"+4C",2,51,NA,"data/TP2/TANK4_Reflection__50__50.txt","TANK4_Reflection__50__50.txt",2026-06-16 12:35:41.745739
"201","EMERALD-sid13-052026","Emerald Reef",4,"+4C",3,52,NA,"data/TP2/TANK4_Reflection__51__51.txt","TANK4_Reflection__51__51.txt",2026-06-16 12:35:52.857401
"202","EMERALD-sid15-052026","Emerald Reef",4,"+4C",1,41,NA,"data/TP2/TANK4_Reflection__40__40.txt","TANK4_Reflection__40__40.txt",2026-06-16 12:28:24.084429
"203","EMERALD-sid15-052026","Emerald Reef",4,"+4C",2,42,NA,"data/TP2/TANK4_Reflection__41__41.txt","TANK4_Reflection__41__41.txt",2026-06-16 12:28:34.629652
"204","EMERALD-sid15-052026","Emerald Reef",4,"+4C",3,43,NA,"data/TP2/TANK4_Reflection__42__42.txt","TANK4_Reflection__42__42.txt",2026-06-16 12:28:50.428465
"205","EMERALD-sid37-052026","Emerald Reef",4,"+4C",1,35,NA,"data/TP2/TANK4_Reflection__34__34.txt","TANK4_Reflection__34__34.txt",2026-06-16 12:26:21.232922
"206","EMERALD-sid37-052026","Emerald Reef",4,"+4C",2,36,NA,"data/TP2/TANK4_Reflection__35__35.txt","TANK4_Reflection__35__35.txt",2026-06-16 12:26:31.423561
"207","EMERALD-sid37-052026","Emerald Reef",4,"+4C",3,37,NA,"data/TP2/TANK4_Reflection__36__36.txt","TANK4_Reflection__36__36.txt",2026-06-16 12:26:40.554895
"208","GRA-sid09-051426","Graceland",4,"+4C",1,14,NA,"data/TP2/TANK4_Reflection__13__13.txt","TANK4_Reflection__13__13.txt",2026-06-16 12:11:02.637386
"209","GRA-sid09-051426","Graceland",4,"+4C",2,15,NA,"data/TP2/TANK4_Reflection__14__14.txt","TANK4_Reflection__14__14.txt",2026-06-16 12:11:15.65172
"210","GRA-sid09-051426","Graceland",4,"+4C",3,16,NA,"data/TP2/TANK4_Reflection__15__15.txt","TANK4_Reflection__15__15.txt",2026-06-16 12:11:27.07659
"211","GRA-sid15-051426","Graceland",4,"+4C",1,29,NA,"data/TP2/TANK4_Reflection__28__28.txt","TANK4_Reflection__28__28.txt",2026-06-16 12:20:52.514214
"212","GRA-sid15-051426","Graceland",4,"+4C",2,30,NA,"data/TP2/TANK4_Reflection__29__29.txt","TANK4_Reflection__29__29.txt",2026-06-16 12:21:03.60531
"213","GRA-sid15-051426","Graceland",4,"+4C",3,31,NA,"data/TP2/TANK4_Reflection__30__30.txt","TANK4_Reflection__30__30.txt",2026-06-16 12:21:12.757898
"214","GRA-sid21-051426","Graceland",4,"+4C",1,44,NA,"data/TP2/TANK4_Reflection__43__43.txt","TANK4_Reflection__43__43.txt",2026-06-16 12:30:30.80113
"215","GRA-sid21-051426","Graceland",4,"+4C",2,45,NA,"data/TP2/TANK4_Reflection__44__44.txt","TANK4_Reflection__44__44.txt",2026-06-16 12:30:41.855879
"216","GRA-sid21-051426","Graceland",4,"+4C",3,46,NA,"data/TP2/TANK4_Reflection__45__45.txt","TANK4_Reflection__45__45.txt",2026-06-16 12:30:52.374294
"217","HB-sid04-051426","Hollywood",4,"+4C",1,8,NA,"data/TP2/TANK4_Reflection__7__07.txt","TANK4_Reflection__7__07.txt",2026-06-16 12:07:19.344498
"218","HB-sid04-051426","Hollywood",4,"+4C",2,9,NA,"data/TP2/TANK4_Reflection__8__08.txt","TANK4_Reflection__8__08.txt",2026-06-16 12:07:29.709454
"219","HB-sid04-051426","Hollywood",4,"+4C",3,10,NA,"data/TP2/TANK4_Reflection__9__09.txt","TANK4_Reflection__9__09.txt",2026-06-16 12:07:40.592447
"220","JR-sid10-052026","JR's Ledge",4,"+4C",1,53,NA,"data/TP2/TANK4_Reflection__52__52.txt","TANK4_Reflection__52__52.txt",2026-06-16 12:37:03.701103
"221","JR-sid10-052026","JR's Ledge",4,"+4C",2,54,NA,"data/TP2/TANK4_Reflection__53__53.txt","TANK4_Reflection__53__53.txt",2026-06-16 12:37:18.823208
"222","JR-sid10-052026","JR's Ledge",4,"+4C",3,55,NA,"data/TP2/TANK4_Reflection__54__54.txt","TANK4_Reflection__54__54.txt",2026-06-16 12:37:32.177156
"223","JR-sid28-052026","JR's Ledge",4,"+4C",1,56,NA,"data/TP2/TANK4_Reflection__55__55.txt","TANK4_Reflection__55__55.txt",2026-06-16 12:39:02.821259
"224","JR-sid28-052026","JR's Ledge",4,"+4C",2,57,NA,"data/TP2/TANK4_Reflection__56__56.txt","TANK4_Reflection__56__56.txt",2026-06-16 12:39:12.904032
"225","JR-sid28-052026","JR's Ledge",4,"+4C",3,58,NA,"data/TP2/TANK4_Reflection__57__57.txt","TANK4_Reflection__57__57.txt",2026-06-16 12:39:23.86808
"226","REV-sid04-052026","Reverse Reef",4,"+4C",1,5,NA,"data/TP2/TANK4_Reflection__4__04.txt","TANK4_Reflection__4__04.txt",2026-06-16 12:06:25.744328
"227","REV-sid04-052026","Reverse Reef",4,"+4C",2,6,NA,"data/TP2/TANK4_Reflection__5__05.txt","TANK4_Reflection__5__05.txt",2026-06-16 12:06:33.777304
"228","REV-sid04-052026","Reverse Reef",4,"+4C",3,7,NA,"data/TP2/TANK4_Reflection__6__06.txt","TANK4_Reflection__6__06.txt",2026-06-16 12:06:44.809589
"229","REV-sid08-052026","Reverse Reef",4,"+4C",1,62,NA,"data/TP2/TANK4_Reflection__61__61.txt","TANK4_Reflection__61__61.txt",2026-06-16 12:42:39.855564
"230","REV-sid08-052026","Reverse Reef",4,"+4C",2,63,NA,"data/TP2/TANK4_Reflection__62__62.txt","TANK4_Reflection__62__62.txt",2026-06-16 12:43:34.267275
"231","REV-sid08-052026","Reverse Reef",4,"+4C",3,64,NA,"data/TP2/TANK4_Reflection__63__63.txt","TANK4_Reflection__63__63.txt",2026-06-16 12:43:46.271496
"232","URB-sid21-052826","Dodge Island",4,"+4C",1,38,NA,"data/TP2/TANK4_Reflection__37__37.txt","TANK4_Reflection__37__37.txt",2026-06-16 12:27:22.394249
"233","URB-sid21-052826","Dodge Island",4,"+4C",2,39,NA,"data/TP2/TANK4_Reflection__38__38.txt","TANK4_Reflection__38__38.txt",2026-06-16 12:27:34.499321
"234","URB-sid21-052826","Dodge Island",4,"+4C",3,40,NA,"data/TP2/TANK4_Reflection__39__39.txt","TANK4_Reflection__39__39.txt",2026-06-16 12:27:47.482281
"235","URB-sid40-052826","Dodge Island",4,"+4C",1,17,NA,"data/TP2/TANK4_Reflection__16__16.txt","TANK4_Reflection__16__16.txt",2026-06-16 12:11:57.501951
"236","URB-sid40-052826","Dodge Island",4,"+4C",2,18,NA,"data/TP2/TANK4_Reflection__17__17.txt","TANK4_Reflection__17__17.txt",2026-06-16 12:12:23.078106
"237","URB-sid40-052826","Dodge Island",4,"+4C",3,19,NA,"data/TP2/TANK4_Reflection__18__18.txt","TANK4_Reflection__18__18.txt",2026-06-16 12:12:40.888336
"238","cave-ssid11-04162026","Caves",4,"+4C",1,59,NA,"data/TP2/TANK4_Reflection__58__58.txt","TANK4_Reflection__58__58.txt",2026-06-16 12:40:07.163452
"239","cave-ssid11-04162026","Caves",4,"+4C",2,60,NA,"data/TP2/TANK4_Reflection__59__59.txt","TANK4_Reflection__59__59.txt",2026-06-16 12:40:17.739738
"240","cave-ssid11-04162026","Caves",4,"+4C",3,61,NA,"data/TP2/TANK4_Reflection__60__60.txt","TANK4_Reflection__60__60.txt",2026-06-16 12:40:26.38755
"241","cave-ssid21-04162026","Caves",4,"+4C",1,11,NA,"data/TP2/TANK4_Reflection__10__10.txt","TANK4_Reflection__10__10.txt",2026-06-16 12:08:49.093569
"242","cave-ssid21-04162026","Caves",4,"+4C",2,12,NA,"data/TP2/TANK4_Reflection__11__11.txt","TANK4_Reflection__11__11.txt",2026-06-16 12:09:03.882694
"243","cave-ssid21-04162026","Caves",4,"+4C",3,13,NA,"data/TP2/TANK4_Reflection__12__12.txt","TANK4_Reflection__12__12.txt",2026-06-16 12:09:20.460903
"244","ftlb1-ssid03-03232026","BAR",4,"+4C",1,20,NA,"data/TP2/TANK4_Reflection__19__19.txt","TANK4_Reflection__19__19.txt",2026-06-16 12:13:53.218262
"245","ftlb1-ssid03-03232026","BAR",4,"+4C",2,21,NA,"data/TP2/TANK4_Reflection__20__20.txt","TANK4_Reflection__20__20.txt",2026-06-16 12:14:15.601311
"246","ftlb1-ssid03-03232026","BAR",4,"+4C",3,22,NA,"data/TP2/TANK4_Reflection__21__21.txt","TANK4_Reflection__21__21.txt",2026-06-16 12:14:33.56455
"247","ftlb2-ssid09-03222026","BAR",4,"+4C",1,47,NA,"data/TP2/TANK4_Reflection__46__46.txt","TANK4_Reflection__46__46.txt",2026-06-16 12:33:10.826185
"248","ftlb2-ssid09-03222026","BAR",4,"+4C",2,48,NA,"data/TP2/TANK4_Reflection__47__47.txt","TANK4_Reflection__47__47.txt",2026-06-16 12:33:46.181601
"249","ftlb2-ssid09-03222026","BAR",4,"+4C",3,49,NA,"data/TP2/TANK4_Reflection__48__48.txt","TANK4_Reflection__48__48.txt",2026-06-16 12:34:27.068892
"250","ftlb2-ssid17-03222026","BAR",4,"+4C",1,23,NA,"data/TP2/TANK4_Reflection__22__22.txt","TANK4_Reflection__22__22.txt",2026-06-16 12:15:39.956944
"251","ftlb2-ssid17-03222026","BAR",4,"+4C",2,24,NA,"data/TP2/TANK4_Reflection__23__23.txt","TANK4_Reflection__23__23.txt",2026-06-16 12:16:09.587763
"252","ftlb2-ssid17-03222026","BAR",4,"+4C",3,25,NA,"data/TP2/TANK4_Reflection__24__24.txt","TANK4_Reflection__24__24.txt",2026-06-16 12:16:31.638353
"253","sc-ssid06-04182026","South Canyon",4,"+4C",1,26,NA,"data/TP2/TANK4_Reflection__25__25.txt","TANK4_Reflection__25__25.txt",2026-06-16 12:19:03.454073
"254","sc-ssid06-04182026","South Canyon",4,"+4C",2,27,NA,"data/TP2/TANK4_Reflection__26__26.txt","TANK4_Reflection__26__26.txt",2026-06-16 12:19:17.882849
"255","sc-ssid06-04182026","South Canyon",4,"+4C",3,28,NA,"data/TP2/TANK4_Reflection__27__27.txt","TANK4_Reflection__27__27.txt",2026-06-16 12:19:30.54529
"256","skeleton_tank4",NA,4,"+4C",1,2,NA,"data/TP2/TANK4_Reflection__1__01.txt","TANK4_Reflection__1__01.txt",2026-06-16 12:03:47.620373
"257","skeleton_tank4",NA,4,"+4C",2,3,NA,"data/TP2/TANK4_Reflection__2__02.txt","TANK4_Reflection__2__02.txt",2026-06-16 12:03:56.999437
"258","skeleton_tank4",NA,4,"+4C",3,4,NA,"data/TP2/TANK4_Reflection__3__03.txt","TANK4_Reflection__3__03.txt",2026-06-16 12:04:05.65592
"259","spectralon_tank4",NA,4,"+4C",1,1,NA,"data/TP2/TANK4_Reflection__0__00.txt","TANK4_Reflection__0__00.txt",2026-06-16 12:02:32.443335
"260","DB-sid11-051426","Dania",5,"control",1,38,NA,"data/TP2/TANK5_Reflection__37__37.txt","TANK5_Reflection__37__37.txt",2026-06-16 10:58:42.535402
"261","DB-sid11-051426","Dania",5,"control",2,39,NA,"data/TP2/TANK5_Reflection__38__38.txt","TANK5_Reflection__38__38.txt",2026-06-16 10:59:01.539017
"262","DB-sid11-051426","Dania",5,"control",3,40,NA,"data/TP2/TANK5_Reflection__39__39.txt","TANK5_Reflection__39__39.txt",2026-06-16 10:59:14.977051
"263","DB-sid17-051426","Dania",5,"control",1,41,NA,"data/TP2/TANK5_Reflection__40__40.txt","TANK5_Reflection__40__40.txt",2026-06-16 11:00:20.779989
"264","DB-sid17-051426","Dania",5,"control",2,42,NA,"data/TP2/TANK5_Reflection__41__41.txt","TANK5_Reflection__41__41.txt",2026-06-16 11:00:37.155123
"265","DB-sid17-051426","Dania",5,"control",3,43,NA,"data/TP2/TANK5_Reflection__42__42.txt","TANK5_Reflection__42__42.txt",2026-06-16 11:00:51.777534
"266","DB-sid38-051426","Dania",5,"control",1,56,NA,"data/TP2/TANK5_Reflection__55__55.txt","TANK5_Reflection__55__55.txt",2026-06-16 11:10:56.925814
"267","DB-sid38-051426","Dania",5,"control",2,57,NA,"data/TP2/TANK5_Reflection__56__56.txt","TANK5_Reflection__56__56.txt",2026-06-16 11:11:09.761946
"268","DB-sid38-051426","Dania",5,"control",3,58,NA,"data/TP2/TANK5_Reflection__57__57.txt","TANK5_Reflection__57__57.txt",2026-06-16 11:11:24.378281
"269","EMERALD-sid12-052026","Emerald Reef",5,"control",1,23,NA,"data/TP2/TANK5_Reflection__22__22.txt","TANK5_Reflection__22__22.txt",2026-06-16 10:50:31.455275
"270","EMERALD-sid12-052026","Emerald Reef",5,"control",2,24,NA,"data/TP2/TANK5_Reflection__23__23.txt","TANK5_Reflection__23__23.txt",2026-06-16 10:50:46.656237
"271","EMERALD-sid12-052026","Emerald Reef",5,"control",3,25,NA,"data/TP2/TANK5_Reflection__24__24.txt","TANK5_Reflection__24__24.txt",2026-06-16 10:50:56.91774
"272","EMERALD-sid20-052026","Emerald Reef",5,"control",1,20,NA,"data/TP2/TANK5_Reflection__19__19.txt","TANK5_Reflection__19__19.txt",2026-06-16 10:48:43.378181
"273","EMERALD-sid20-052026","Emerald Reef",5,"control",2,21,NA,"data/TP2/TANK5_Reflection__20__20.txt","TANK5_Reflection__20__20.txt",2026-06-16 10:48:59.164076
"274","EMERALD-sid20-052026","Emerald Reef",5,"control",3,22,NA,"data/TP2/TANK5_Reflection__21__21.txt","TANK5_Reflection__21__21.txt",2026-06-16 10:49:11.420012
"275","EMERALD-sid25-052026","Emerald Reef",5,"control",1,8,NA,"data/TP2/TANK5_Reflection__7__07.txt","TANK5_Reflection__7__07.txt",2026-06-16 10:43:34.840994
"276","EMERALD-sid25-052026","Emerald Reef",5,"control",2,9,NA,"data/TP2/TANK5_Reflection__8__08.txt","TANK5_Reflection__8__08.txt",2026-06-16 10:43:46.696457
"277","EMERALD-sid25-052026","Emerald Reef",5,"control",3,10,NA,"data/TP2/TANK5_Reflection__9__09.txt","TANK5_Reflection__9__09.txt",2026-06-16 10:43:58.16622
"278","GRA-sid05-051426","Graceland",5,"control",1,14,NA,"data/TP2/TANK5_Reflection__13__13.txt","TANK5_Reflection__13__13.txt",2026-06-16 10:45:43.045195
"279","GRA-sid05-051426","Graceland",5,"control",2,15,NA,"data/TP2/TANK5_Reflection__14__14.txt","TANK5_Reflection__14__14.txt",2026-06-16 10:45:53.70118
"280","GRA-sid05-051426","Graceland",5,"control",3,16,NA,"data/TP2/TANK5_Reflection__15__15.txt","TANK5_Reflection__15__15.txt",2026-06-16 10:46:02.390583
"281","GRA-sid14-051426","Graceland",5,"control",1,53,NA,"data/TP2/TANK5_Reflection__52__52.txt","TANK5_Reflection__52__52.txt",2026-06-16 11:09:34.304352
"282","GRA-sid14-051426","Graceland",5,"control",2,54,NA,"data/TP2/TANK5_Reflection__53__53.txt","TANK5_Reflection__53__53.txt",2026-06-16 11:09:47.954809
"283","GRA-sid14-051426","Graceland",5,"control",3,55,NA,"data/TP2/TANK5_Reflection__54__54.txt","TANK5_Reflection__54__54.txt",2026-06-16 11:09:59.610395
"284","HB-sid07-051426","Hollywood",5,"control",1,59,NA,"data/TP2/TANK5_Reflection__58__58.txt","TANK5_Reflection__58__58.txt",2026-06-16 11:11:57.135452
"285","HB-sid07-051426","Hollywood",5,"control",2,60,NA,"data/TP2/TANK5_Reflection__59__59.txt","TANK5_Reflection__59__59.txt",2026-06-16 11:12:09.190083
"286","HB-sid07-051426","Hollywood",5,"control",3,61,NA,"data/TP2/TANK5_Reflection__60__60.txt","TANK5_Reflection__60__60.txt",2026-06-16 11:12:22.607347
"287","JR-sid23-052026","JR's Ledge",5,"control",1,62,NA,"data/TP2/TANK5_Reflection__61__61.txt","TANK5_Reflection__61__61.txt",2026-06-16 11:13:29.545965
"288","JR-sid23-052026","JR's Ledge",5,"control",2,63,NA,"data/TP2/TANK5_Reflection__62__62.txt","TANK5_Reflection__62__62.txt",2026-06-16 11:13:37.838326
"289","JR-sid23-052026","JR's Ledge",5,"control",3,64,NA,"data/TP2/TANK5_Reflection__63__63.txt","TANK5_Reflection__63__63.txt",2026-06-16 11:13:58.377768
"290","JR-sid24-052026","JR's Ledge",5,"control",1,35,NA,"data/TP2/TANK5_Reflection__34__34.txt","TANK5_Reflection__34__34.txt",2026-06-16 10:57:37.69244
"291","JR-sid24-052026","JR's Ledge",5,"control",2,36,NA,"data/TP2/TANK5_Reflection__35__35.txt","TANK5_Reflection__35__35.txt",2026-06-16 10:57:51.140072
"292","JR-sid24-052026","JR's Ledge",5,"control",3,37,NA,"data/TP2/TANK5_Reflection__36__36.txt","TANK5_Reflection__36__36.txt",2026-06-16 10:58:04.378149
"293","REV-sid20-052026","Reverse Reef",5,"control",1,11,NA,"data/TP2/TANK5_Reflection__10__10.txt","TANK5_Reflection__10__10.txt",2026-06-16 10:44:31.580166
"294","REV-sid20-052026","Reverse Reef",5,"control",2,12,NA,"data/TP2/TANK5_Reflection__11__11.txt","TANK5_Reflection__11__11.txt",2026-06-16 10:44:43.038765
"295","REV-sid20-052026","Reverse Reef",5,"control",3,13,NA,"data/TP2/TANK5_Reflection__12__12.txt","TANK5_Reflection__12__12.txt",2026-06-16 10:44:54.89739
"296","REV-sid21-052026","Reverse Reef",5,"control",1,17,NA,"data/TP2/TANK5_Reflection__16__16.txt","TANK5_Reflection__16__16.txt",2026-06-16 10:46:37.95216
"297","REV-sid21-052026","Reverse Reef",5,"control",2,18,NA,"data/TP2/TANK5_Reflection__17__17.txt","TANK5_Reflection__17__17.txt",2026-06-16 10:46:49.980511
"298","REV-sid21-052026","Reverse Reef",5,"control",3,19,NA,"data/TP2/TANK5_Reflection__18__18.txt","TANK5_Reflection__18__18.txt",2026-06-16 10:47:01.629782
"299","URB-sid33-052826","Dodge Island",5,"control",1,47,NA,"data/TP2/TANK5_Reflection__46__46.txt","TANK5_Reflection__46__46.txt",2026-06-16 11:06:13.853313
"300","URB-sid33-052826","Dodge Island",5,"control",2,48,NA,"data/TP2/TANK5_Reflection__47__47.txt","TANK5_Reflection__47__47.txt",2026-06-16 11:06:33.028572
"301","URB-sid33-052826","Dodge Island",5,"control",3,49,NA,"data/TP2/TANK5_Reflection__48__48.txt","TANK5_Reflection__48__48.txt",2026-06-16 11:06:43.885098
"302","URB-sid39-052826","Dodge Island",5,"control",1,32,NA,"data/TP2/TANK5_Reflection__31__31.txt","TANK5_Reflection__31__31.txt",2026-06-16 10:55:51.517561
"303","URB-sid39-052826","Dodge Island",5,"control",2,33,NA,"data/TP2/TANK5_Reflection__32__32.txt","TANK5_Reflection__32__32.txt",2026-06-16 10:56:04.947966
"304","URB-sid39-052826","Dodge Island",5,"control",3,34,NA,"data/TP2/TANK5_Reflection__33__33.txt","TANK5_Reflection__33__33.txt",2026-06-16 10:56:20.160091
"305","cave-ssid09-04162026","Caves",5,"control",1,50,NA,"data/TP2/TANK5_Reflection__49__49.txt","TANK5_Reflection__49__49.txt",2026-06-16 11:07:30.321585
"306","cave-ssid09-04162026","Caves",5,"control",2,51,NA,"data/TP2/TANK5_Reflection__50__50.txt","TANK5_Reflection__50__50.txt",2026-06-16 11:07:45.349007
"307","cave-ssid09-04162026","Caves",5,"control",3,52,NA,"data/TP2/TANK5_Reflection__51__51.txt","TANK5_Reflection__51__51.txt",2026-06-16 11:08:26.087708
"308","cave-ssid16-04162026","Caves",5,"control",1,44,NA,"data/TP2/TANK5_Reflection__43__43.txt","TANK5_Reflection__43__43.txt",2026-06-16 11:02:36.778746
"309","cave-ssid16-04162026","Caves",5,"control",2,45,NA,"data/TP2/TANK5_Reflection__44__44.txt","TANK5_Reflection__44__44.txt",2026-06-16 11:03:05.417789
"310","cave-ssid16-04162026","Caves",5,"control",3,46,NA,"data/TP2/TANK5_Reflection__45__45.txt","TANK5_Reflection__45__45.txt",2026-06-16 11:03:20.815048
"311","ftlb2-ssid02-03222026","BAR",5,"control",1,29,NA,"data/TP2/TANK5_Reflection__28__28.txt","TANK5_Reflection__28__28.txt",2026-06-16 10:53:10.667433
"312","ftlb2-ssid02-03222026","BAR",5,"control",2,30,NA,"data/TP2/TANK5_Reflection__29__29.txt","TANK5_Reflection__29__29.txt",2026-06-16 10:53:25.873089
"313","ftlb2-ssid02-03222026","BAR",5,"control",3,31,NA,"data/TP2/TANK5_Reflection__30__30.txt","TANK5_Reflection__30__30.txt",2026-06-16 10:53:37.128845
"314","ftlb2-ssid07-03222026","BAR",5,"control",1,5,NA,"data/TP2/TANK5_Reflection__4__04.txt","TANK5_Reflection__4__04.txt",2026-06-16 10:42:26.629612
"315","ftlb2-ssid07-03222026","BAR",5,"control",2,6,NA,"data/TP2/TANK5_Reflection__5__05.txt","TANK5_Reflection__5__05.txt",2026-06-16 10:42:35.325783
"316","ftlb2-ssid07-03222026","BAR",5,"control",3,7,NA,"data/TP2/TANK5_Reflection__6__06.txt","TANK5_Reflection__6__06.txt",2026-06-16 10:42:52.136475
"317","sc-ssid16-04182026","South Canyon",5,"control",1,26,NA,"data/TP2/TANK5_Reflection__25__25.txt","TANK5_Reflection__25__25.txt",2026-06-16 10:51:55.242886
"318","sc-ssid16-04182026","South Canyon",5,"control",2,27,NA,"data/TP2/TANK5_Reflection__26__26.txt","TANK5_Reflection__26__26.txt",2026-06-16 10:52:07.885973
"319","sc-ssid16-04182026","South Canyon",5,"control",3,28,NA,"data/TP2/TANK5_Reflection__27__27.txt","TANK5_Reflection__27__27.txt",2026-06-16 10:52:21.892851
"320","skeleton_tank5",NA,5,"control",1,2,NA,"data/TP2/TANK5_Reflection__1__01.txt","TANK5_Reflection__1__01.txt",2026-06-16 10:41:10.766174
"321","skeleton_tank5",NA,5,"control",2,3,NA,"data/TP2/TANK5_Reflection__2__02.txt","TANK5_Reflection__2__02.txt",2026-06-16 10:41:22.228941
"322","skeleton_tank5",NA,5,"control",3,4,NA,"data/TP2/TANK5_Reflection__3__03.txt","TANK5_Reflection__3__03.txt",2026-06-16 10:41:32.902348
"323","spectralon_tank5",NA,5,"control",1,1,NA,"data/TP2/TANK5_Reflection__0__00.txt","TANK5_Reflection__0__00.txt",2026-06-16 10:40:24.923559
"324","DB-sid05-051426","Dania",6,"+2C",1,5,NA,"data/TP2/TANK6_Reflection__4__04.txt","TANK6_Reflection__4__04.txt",2026-06-16 09:48:35.405279
"325","DB-sid05-051426","Dania",6,"+2C",2,6,NA,"data/TP2/TANK6_Reflection__5__05.txt","TANK6_Reflection__5__05.txt",2026-06-16 09:48:53.038239
"326","DB-sid05-051426","Dania",6,"+2C",3,7,NA,"data/TP2/TANK6_Reflection__6__06.txt","TANK6_Reflection__6__06.txt",2026-06-16 09:49:03.44025
"327","DB-sid06-051426","Dania",6,"+2C",1,50,NA,"data/TP2/TANK6_Reflection__49__49.txt","TANK6_Reflection__49__49.txt",2026-06-16 10:17:47.247662
"328","DB-sid06-051426","Dania",6,"+2C",2,51,NA,"data/TP2/TANK6_Reflection__50__50.txt","TANK6_Reflection__50__50.txt",2026-06-16 10:18:14.210844
"329","DB-sid06-051426","Dania",6,"+2C",3,52,NA,"data/TP2/TANK6_Reflection__51__51.txt","TANK6_Reflection__51__51.txt",2026-06-16 10:19:11.598162
"330","DB-sid33-051426","Dania",6,"+2C",1,20,NA,"data/TP2/TANK6_Reflection__19__19.txt","TANK6_Reflection__19__19.txt",2026-06-16 09:57:57.952162
"331","DB-sid33-051426","Dania",6,"+2C",2,21,NA,"data/TP2/TANK6_Reflection__20__20.txt","TANK6_Reflection__20__20.txt",2026-06-16 09:58:41.900784
"332","DB-sid33-051426","Dania",6,"+2C",6,25,NA,"data/TP2/TANK6_Reflection__24__24.txt","TANK6_Reflection__24__24.txt",2026-06-16 09:59:11.066618
"333","EMERALD-sid18-052026","Emerald Reef",6,"+2C",1,17,NA,"data/TP2/TANK6_Reflection__16__16.txt","TANK6_Reflection__16__16.txt",2026-06-16 09:56:59.92058
"334","EMERALD-sid18-052026","Emerald Reef",6,"+2C",2,18,NA,"data/TP2/TANK6_Reflection__17__17.txt","TANK6_Reflection__17__17.txt",2026-06-16 09:57:12.173401
"335","EMERALD-sid18-052026","Emerald Reef",6,"+2C",3,19,NA,"data/TP2/TANK6_Reflection__18__18.txt","TANK6_Reflection__18__18.txt",2026-06-16 09:57:22.733688
"336","EMERALD-sid24-052026","Emerald Reef",6,"+2C",1,8,NA,"data/TP2/TANK6_Reflection__7__07.txt","TANK6_Reflection__7__07.txt",2026-06-16 09:50:01.441456
"337","EMERALD-sid24-052026","Emerald Reef",6,"+2C",2,9,NA,"data/TP2/TANK6_Reflection__8__08.txt","TANK6_Reflection__8__08.txt",2026-06-16 09:50:13.753641
"338","EMERALD-sid24-052026","Emerald Reef",6,"+2C",3,10,NA,"data/TP2/TANK6_Reflection__9__09.txt","TANK6_Reflection__9__09.txt",2026-06-16 09:50:24.858215
"339","EMERALD-sid33-052026","Emerald Reef",6,"+2C",1,62,NA,"data/TP2/TANK6_Reflection__61__61.txt","TANK6_Reflection__61__61.txt",2026-06-16 10:26:34.821098
"340","EMERALD-sid33-052026","Emerald Reef",6,"+2C",2,63,NA,"data/TP2/TANK6_Reflection__62__62.txt","TANK6_Reflection__62__62.txt",2026-06-16 10:26:44.930178
"341","EMERALD-sid33-052026","Emerald Reef",6,"+2C",3,64,NA,"data/TP2/TANK6_Reflection__63__63.txt","TANK6_Reflection__63__63.txt",2026-06-16 10:26:56.248638
"342","GRA-sid06-051426","Graceland",6,"+2C",1,59,NA,"data/TP2/TANK6_Reflection__58__58.txt","TANK6_Reflection__58__58.txt",2026-06-16 10:24:23.113472
"343","GRA-sid06-051426","Graceland",6,"+2C",2,60,NA,"data/TP2/TANK6_Reflection__59__59.txt","TANK6_Reflection__59__59.txt",2026-06-16 10:24:40.929564
"344","GRA-sid06-051426","Graceland",6,"+2C",3,61,NA,"data/TP2/TANK6_Reflection__60__60.txt","TANK6_Reflection__60__60.txt",2026-06-16 10:24:54.879154
"345","HB-sid19-051426","Hollywood",6,"+2C",1,41,NA,"data/TP2/TANK6_Reflection__40__40.txt","TANK6_Reflection__40__40.txt",2026-06-16 10:12:08.606411
"346","HB-sid19-051426","Hollywood",6,"+2C",2,42,NA,"data/TP2/TANK6_Reflection__41__41.txt","TANK6_Reflection__41__41.txt",2026-06-16 10:12:27.900791
"347","HB-sid19-051426","Hollywood",6,"+2C",3,43,NA,"data/TP2/TANK6_Reflection__42__42.txt","TANK6_Reflection__42__42.txt",2026-06-16 10:12:48.623676
"348","JR-sid04-052026","JR's Ledge",6,"+2C",1,53,NA,"data/TP2/TANK6_Reflection__52__52.txt","TANK6_Reflection__52__52.txt",2026-06-16 10:19:57.65509
"349","JR-sid04-052026","JR's Ledge",6,"+2C",2,54,NA,"data/TP2/TANK6_Reflection__53__53.txt","TANK6_Reflection__53__53.txt",2026-06-16 10:20:12.354546
"350","JR-sid04-052026","JR's Ledge",6,"+2C",3,55,NA,"data/TP2/TANK6_Reflection__54__54.txt","TANK6_Reflection__54__54.txt",2026-06-16 10:20:30.67852
"351","JR-sid05-052026","JR's Ledge",6,"+2C",1,65,NA,"data/TP2/TANK6_Reflection__64__64.txt","TANK6_Reflection__64__64.txt",2026-06-16 10:28:17.026749
"352","JR-sid05-052026","JR's Ledge",6,"+2C",2,66,NA,"data/TP2/TANK6_Reflection__65__65.txt","TANK6_Reflection__65__65.txt",2026-06-16 10:28:31.247141
"353","JR-sid05-052026","JR's Ledge",6,"+2C",3,67,NA,"data/TP2/TANK6_Reflection__66__66.txt","TANK6_Reflection__66__66.txt",2026-06-16 10:29:22.809219
"354","REV-sid10-052026","Reverse Reef",6,"+2C",1,14,NA,"data/TP2/TANK6_Reflection__13__13.txt","TANK6_Reflection__13__13.txt",2026-06-16 09:54:07.855881
"355","REV-sid10-052026","Reverse Reef",6,"+2C",2,15,NA,"data/TP2/TANK6_Reflection__14__14.txt","TANK6_Reflection__14__14.txt",2026-06-16 09:54:25.94838
"356","REV-sid10-052026","Reverse Reef",6,"+2C",3,16,NA,"data/TP2/TANK6_Reflection__15__15.txt","TANK6_Reflection__15__15.txt",2026-06-16 09:54:43.787088
"357","REV-sid13-052026","Reverse Reef",6,"+2C",1,29,NA,"data/TP2/TANK6_Reflection__28__28.txt","TANK6_Reflection__28__28.txt",2026-06-16 10:01:33.630749
"358","REV-sid13-052026","Reverse Reef",6,"+2C",2,30,NA,"data/TP2/TANK6_Reflection__29__29.txt","TANK6_Reflection__29__29.txt",2026-06-16 10:01:46.182922
"359","REV-sid13-052026","Reverse Reef",6,"+2C",3,31,NA,"data/TP2/TANK6_Reflection__30__30.txt","TANK6_Reflection__30__30.txt",2026-06-16 10:02:00.700964
"360","REV-sid36-052026","Reverse Reef",6,"+2C",1,32,NA,"data/TP2/TANK6_Reflection__31__31.txt","TANK6_Reflection__31__31.txt",2026-06-16 10:02:42.781269
"361","REV-sid36-052026","Reverse Reef",6,"+2C",2,33,NA,"data/TP2/TANK6_Reflection__32__32.txt","TANK6_Reflection__32__32.txt",2026-06-16 10:02:56.758802
"362","REV-sid36-052026","Reverse Reef",6,"+2C",3,34,NA,"data/TP2/TANK6_Reflection__33__33.txt","TANK6_Reflection__33__33.txt",2026-06-16 10:03:37.269484
"363","URB-sid07-052826","Dodge Island",6,"+2C",1,26,NA,"data/TP2/TANK6_Reflection__25__25.txt","TANK6_Reflection__25__25.txt",2026-06-16 10:00:09.662895
"364","URB-sid07-052826","Dodge Island",6,"+2C",2,27,NA,"data/TP2/TANK6_Reflection__26__26.txt","TANK6_Reflection__26__26.txt",2026-06-16 10:00:25.337479
"365","URB-sid07-052826","Dodge Island",6,"+2C",3,28,NA,"data/TP2/TANK6_Reflection__27__27.txt","TANK6_Reflection__27__27.txt",2026-06-16 10:00:36.671156
"366","URB-sid08-052826","Dodge Island",6,"+2C",1,56,NA,"data/TP2/TANK6_Reflection__55__55.txt","TANK6_Reflection__55__55.txt",2026-06-16 10:21:18.449764
"367","URB-sid08-052826","Dodge Island",6,"+2C",2,57,NA,"data/TP2/TANK6_Reflection__56__56.txt","TANK6_Reflection__56__56.txt",2026-06-16 10:21:29.529474
"368","URB-sid08-052826","Dodge Island",6,"+2C",3,58,NA,"data/TP2/TANK6_Reflection__57__57.txt","TANK6_Reflection__57__57.txt",2026-06-16 10:22:09.300972
"369","cave-ssid27-04162026","Caves",6,"+2C",1,38,NA,"data/TP2/TANK6_Reflection__37__37.txt","TANK6_Reflection__37__37.txt",2026-06-16 10:09:18.012585
"370","cave-ssid27-04162026","Caves",6,"+2C",2,39,NA,"data/TP2/TANK6_Reflection__38__38.txt","TANK6_Reflection__38__38.txt",2026-06-16 10:09:41.883959
"371","cave-ssid27-04162026","Caves",6,"+2C",3,40,NA,"data/TP2/TANK6_Reflection__39__39.txt","TANK6_Reflection__39__39.txt",2026-06-16 10:10:08.895195
"372","ftlb1-ssid12-03232026","BAR",6,"+2C",1,44,NA,"data/TP2/TANK6_Reflection__43__43.txt","TANK6_Reflection__43__43.txt",2026-06-16 10:13:55.372761
"373","ftlb1-ssid12-03232026","BAR",6,"+2C",2,45,NA,"data/TP2/TANK6_Reflection__44__44.txt","TANK6_Reflection__44__44.txt",2026-06-16 10:14:07.63287
"374","ftlb1-ssid12-03232026","BAR",6,"+2C",3,46,NA,"data/TP2/TANK6_Reflection__45__45.txt","TANK6_Reflection__45__45.txt",2026-06-16 10:14:21.565029
"375","ftlb2-ssid06-03222026","BAR",6,"+2C",1,47,NA,"data/TP2/TANK6_Reflection__46__46.txt","TANK6_Reflection__46__46.txt",2026-06-16 10:16:06.568054
"376","ftlb2-ssid06-03222026","BAR",6,"+2C",2,48,NA,"data/TP2/TANK6_Reflection__47__47.txt","TANK6_Reflection__47__47.txt",2026-06-16 10:16:16.43844
"377","ftlb2-ssid06-03222026","BAR",6,"+2C",3,49,NA,"data/TP2/TANK6_Reflection__48__48.txt","TANK6_Reflection__48__48.txt",2026-06-16 10:16:27.765976
"378","sc-ssid03-04182026","South Canyon",6,"+2C",1,35,NA,"data/TP2/TANK6_Reflection__34__34.txt","TANK6_Reflection__34__34.txt",2026-06-16 10:06:05.915039
"379","sc-ssid03-04182026","South Canyon",6,"+2C",2,36,NA,"data/TP2/TANK6_Reflection__35__35.txt","TANK6_Reflection__35__35.txt",2026-06-16 10:06:20.143559
"380","sc-ssid03-04182026","South Canyon",6,"+2C",3,37,NA,"data/TP2/TANK6_Reflection__36__36.txt","TANK6_Reflection__36__36.txt",2026-06-16 10:06:45.673918
"381","sc-ssid17-04182026","South Canyon",6,"+2C",1,11,NA,"data/TP2/TANK6_Reflection__10__10.txt","TANK6_Reflection__10__10.txt",2026-06-16 09:51:34.926756
"382","sc-ssid17-04182026","South Canyon",6,"+2C",2,12,NA,"data/TP2/TANK6_Reflection__11__11.txt","TANK6_Reflection__11__11.txt",2026-06-16 09:51:55.724689
"383","sc-ssid17-04182026","South Canyon",6,"+2C",3,13,NA,"data/TP2/TANK6_Reflection__12__12.txt","TANK6_Reflection__12__12.txt",2026-06-16 09:52:17.246828
"384","skeleton_tank6",NA,6,"+2C",1,2,NA,"data/TP2/TANK6_Reflection__1__01.txt","TANK6_Reflection__1__01.txt",2026-06-16 09:47:19.351025
"385","skeleton_tank6",NA,6,"+2C",2,3,NA,"data/TP2/TANK6_Reflection__2__02.txt","TANK6_Reflection__2__02.txt",2026-06-16 09:47:30.222197
"386","skeleton_tank6",NA,6,"+2C",3,4,NA,"data/TP2/TANK6_Reflection__3__03.txt","TANK6_Reflection__3__03.txt",2026-06-16 09:47:42.546656
"387","spectralon_tank6",NA,6,"+2C",1,1,NA,"data/TP2/TANK6_Reflection__0__00.txt","TANK6_Reflection__0__00.txt",2026-06-16 09:45:50.11537
"388","DB-sid21-051426","Dania",7,"control",1,11,NA,"data/TP2/TANK7_Reflection__10__10.txt","TANK7_Reflection__10__10.txt",2026-06-16 13:14:42.065319
"389","DB-sid21-051426","Dania",7,"control",2,12,NA,"data/TP2/TANK7_Reflection__11__11.txt","TANK7_Reflection__11__11.txt",2026-06-16 13:14:54.817564
"390","DB-sid21-051426","Dania",7,"control",3,13,NA,"data/TP2/TANK7_Reflection__12__12.txt","TANK7_Reflection__12__12.txt",2026-06-16 13:15:05.856398
"391","EMERALD-sid07-052026","Emerald Reef",7,"control",1,17,NA,"data/TP2/TANK7_Reflection__16__16.txt","TANK7_Reflection__16__16.txt",2026-06-16 13:16:51.867603
"392","EMERALD-sid07-052026","Emerald Reef",7,"control",2,18,NA,"data/TP2/TANK7_Reflection__17__17.txt","TANK7_Reflection__17__17.txt",2026-06-16 13:17:07.974848
"393","EMERALD-sid07-052026","Emerald Reef",7,"control",3,19,NA,"data/TP2/TANK7_Reflection__18__18.txt","TANK7_Reflection__18__18.txt",2026-06-16 13:17:19.373613
"394","EMERALD-sid09-052026","Emerald Reef",7,"control",1,5,NA,"data/TP2/TANK7_Reflection__4__04.txt","TANK7_Reflection__4__04.txt",2026-06-16 13:11:41.322397
"395","EMERALD-sid09-052026","Emerald Reef",7,"control",2,6,NA,"data/TP2/TANK7_Reflection__5__05.txt","TANK7_Reflection__5__05.txt",2026-06-16 13:11:51.577875
"396","EMERALD-sid09-052026","Emerald Reef",7,"control",3,7,NA,"data/TP2/TANK7_Reflection__6__06.txt","TANK7_Reflection__6__06.txt",2026-06-16 13:12:01.817703
"397","EMERALD-sid14-052026","Emerald Reef",7,"control",1,39,"spectralon_tank7_calibration3","data/TP2/TANK7CONT_Reflection__13__13.txt","TANK7CONT_Reflection__13__13.txt",2026-06-16 14:47:37.720814
"398","EMERALD-sid14-052026","Emerald Reef",7,"control",2,40,"spectralon_tank7_calibration3","data/TP2/TANK7CONT_Reflection__14__14.txt","TANK7CONT_Reflection__14__14.txt",2026-06-16 14:47:48.357124
"399","EMERALD-sid14-052026","Emerald Reef",7,"control",3,41,"spectralon_tank7_calibration3","data/TP2/TANK7CONT_Reflection__15__15.txt","TANK7CONT_Reflection__15__15.txt",2026-06-16 14:47:50.48526
"400","GRA-sid31-051426","Graceland",7,"control",1,42,"spectralon_tank7_calibration3","data/TP2/TANK7CONT_Reflection__16__16.txt","TANK7CONT_Reflection__16__16.txt",2026-06-16 14:48:59.373911
"401","GRA-sid31-051426","Graceland",7,"control",2,43,"spectralon_tank7_calibration3","data/TP2/TANK7CONT_Reflection__17__17.txt","TANK7CONT_Reflection__17__17.txt",2026-06-16 14:49:08.921791
"402","GRA-sid31-051426","Graceland",7,"control",3,44,"spectralon_tank7_calibration3","data/TP2/TANK7CONT_Reflection__18__18.txt","TANK7CONT_Reflection__18__18.txt",2026-06-16 14:49:18.231285
"403","HB-sid02-051426","Hollywood",7,"control",1,54,"spectralon_tank7_calibration2","data/TP2/TANK7CONT2_Reflection__3__03.txt","TANK7CONT2_Reflection__3__03.txt",2026-06-16 16:22:15.877951
"404","HB-sid02-051426","Hollywood",7,"control",2,55,"spectralon_tank7_calibration2","data/TP2/TANK7CONT2_Reflection__4__04.txt","TANK7CONT2_Reflection__4__04.txt",2026-06-16 16:23:08.798994
"405","HB-sid02-051426","Hollywood",7,"control",3,56,"spectralon_tank7_calibration2","data/TP2/TANK7CONT2_Reflection__5__05.txt","TANK7CONT2_Reflection__5__05.txt",2026-06-16 16:23:20.752584
"406","JR-sid27-052026","JR's Ledge",7,"control",1,8,NA,"data/TP2/TANK7_Reflection__7__07.txt","TANK7_Reflection__7__07.txt",2026-06-16 13:13:08.765387
"407","JR-sid27-052026","JR's Ledge",7,"control",2,9,NA,"data/TP2/TANK7_Reflection__8__08.txt","TANK7_Reflection__8__08.txt",2026-06-16 13:13:17.603951
"408","JR-sid27-052026","JR's Ledge",7,"control",3,10,NA,"data/TP2/TANK7_Reflection__9__09.txt","TANK7_Reflection__9__09.txt",2026-06-16 13:13:56.516598
"409","JR-sid37-052026","JR's Ledge",7,"control",1,23,NA,"data/TP2/TANK7_Reflection__22__22.txt","TANK7_Reflection__22__22.txt",2026-06-16 13:20:08.500307
"410","JR-sid37-052026","JR's Ledge",7,"control",2,24,NA,"data/TP2/TANK7_Reflection__23__23.txt","TANK7_Reflection__23__23.txt",2026-06-16 13:20:20.732834
"411","JR-sid37-052026","JR's Ledge",7,"control",3,25,NA,"data/TP2/TANK7_Reflection__24__24.txt","TANK7_Reflection__24__24.txt",2026-06-16 13:20:36.487604
"412","REV-sid11-052026","Reverse Reef",7,"control",1,60,"spectralon_tank7_calibration2","data/TP2/TANK7CONT2_Reflection__9__09.txt","TANK7CONT2_Reflection__9__09.txt",2026-06-16 16:24:29.985043
"413","REV-sid11-052026","Reverse Reef",7,"control",2,61,"spectralon_tank7_calibration2","data/TP2/TANK7CONT2_Reflection__10__10.txt","TANK7CONT2_Reflection__10__10.txt",2026-06-16 16:25:18.166723
"414","REV-sid11-052026","Reverse Reef",7,"control",3,62,"spectralon_tank7_calibration2","data/TP2/TANK7CONT2_Reflection__11__11.txt","TANK7CONT2_Reflection__11__11.txt",2026-06-16 16:25:35.458282
"415","REV-sid32-052026","Reverse Reef",7,"control",1,45,"spectralon_tank7_calibration3","data/TP2/TANK7CONT_Reflection__19__19.txt","TANK7CONT_Reflection__19__19.txt",2026-06-16 14:50:42.157387
"416","REV-sid32-052026","Reverse Reef",7,"control",2,46,"spectralon_tank7_calibration3","data/TP2/TANK7CONT_Reflection__20__20.txt","TANK7CONT_Reflection__20__20.txt",2026-06-16 14:50:52.266178
"417","REV-sid32-052026","Reverse Reef",7,"control",3,47,"spectralon_tank7_calibration3","data/TP2/TANK7CONT_Reflection__21__21.txt","TANK7CONT_Reflection__21__21.txt",2026-06-16 14:51:14.085426
"418","URB-sid04-052826","Dodge Island",7,"control",1,36,"spectralon_tank7_calibration3","data/TP2/TANK7CONT_Reflection__10__10.txt","TANK7CONT_Reflection__10__10.txt",2026-06-16 14:45:07.8773
"419","URB-sid04-052826","Dodge Island",7,"control",2,37,"spectralon_tank7_calibration3","data/TP2/TANK7CONT_Reflection__11__11.txt","TANK7CONT_Reflection__11__11.txt",2026-06-16 14:45:18.502552
"420","URB-sid04-052826","Dodge Island",7,"control",3,38,"spectralon_tank7_calibration3","data/TP2/TANK7CONT_Reflection__12__12.txt","TANK7CONT_Reflection__12__12.txt",2026-06-16 14:45:37.941551
"421","URB-sid26-052826","Dodge Island",7,"control",1,69,"spectralon_tank7_calibration2","data/TP2/TANK7CONT2_Reflection__18__18.txt","TANK7CONT2_Reflection__18__18.txt",2026-06-16 16:29:05.6248
"422","URB-sid26-052826","Dodge Island",7,"control",2,70,"spectralon_tank7_calibration2","data/TP2/TANK7CONT2_Reflection__19__19.txt","TANK7CONT2_Reflection__19__19.txt",2026-06-16 16:29:41.286694
"423","URB-sid26-052826","Dodge Island",7,"control",3,71,"spectralon_tank7_calibration2","data/TP2/TANK7CONT2_Reflection__20__20.txt","TANK7CONT2_Reflection__20__20.txt",2026-06-16 16:30:00.051525
"424","URB-sid36-052826","Dodge Island",7,"control",1,48,"spectralon_tank7_calibration3","data/TP2/TANK7CONT_Reflection__22__22.txt","TANK7CONT_Reflection__22__22.txt",2026-06-16 14:52:04.91457
"425","URB-sid36-052826","Dodge Island",7,"control",2,49,"spectralon_tank7_calibration3","data/TP2/TANK7CONT_Reflection__23__23.txt","TANK7CONT_Reflection__23__23.txt",2026-06-16 14:52:16.879103
"426","URB-sid36-052826","Dodge Island",7,"control",3,50,"spectralon_tank7_calibration3","data/TP2/TANK7CONT_Reflection__24__24.txt","TANK7CONT_Reflection__24__24.txt",2026-06-16 14:52:26.444914
"427","cave-ssid29-04162026","Caves",7,"control",1,30,"spectralon_tank7_calibration3","data/TP2/TANK7CONT_Reflection__4__04.txt","TANK7CONT_Reflection__4__04.txt",2026-06-16 14:39:46.505688
"428","cave-ssid29-04162026","Caves",7,"control",2,31,"spectralon_tank7_calibration3","data/TP2/TANK7CONT_Reflection__5__05.txt","TANK7CONT_Reflection__5__05.txt",2026-06-16 14:39:58.732973
"429","cave-ssid29-04162026","Caves",7,"control",3,32,"spectralon_tank7_calibration3","data/TP2/TANK7CONT_Reflection__6__06.txt","TANK7CONT_Reflection__6__06.txt",2026-06-16 14:40:10.184809
"430","ftlb1-ssid10-03232026","BAR",7,"control",1,20,NA,"data/TP2/TANK7_Reflection__19__19.txt","TANK7_Reflection__19__19.txt",2026-06-16 13:18:56.912842
"431","ftlb1-ssid10-03232026","BAR",7,"control",2,21,NA,"data/TP2/TANK7_Reflection__20__20.txt","TANK7_Reflection__20__20.txt",2026-06-16 13:19:07.739191
"432","ftlb1-ssid10-03232026","BAR",7,"control",3,22,NA,"data/TP2/TANK7_Reflection__21__21.txt","TANK7_Reflection__21__21.txt",2026-06-16 13:19:25.274443
"433","ftlb1-ssid16-03232026","BAR",7,"control",1,14,NA,"data/TP2/TANK7_Reflection__13__13.txt","TANK7_Reflection__13__13.txt",2026-06-16 13:15:41.289707
"434","ftlb1-ssid16-03232026","BAR",7,"control",2,15,NA,"data/TP2/TANK7_Reflection__14__14.txt","TANK7_Reflection__14__14.txt",2026-06-16 13:15:59.776649
"435","ftlb1-ssid16-03232026","BAR",7,"control",3,16,NA,"data/TP2/TANK7_Reflection__15__15.txt","TANK7_Reflection__15__15.txt",2026-06-16 13:16:08.780413
"436","ftlb2-ssid14-03222026","BAR",7,"control",1,66,"spectralon_tank7_calibration2","data/TP2/TANK7CONT2_Reflection__15__15.txt","TANK7CONT2_Reflection__15__15.txt",2026-06-16 16:27:46.085634
"437","ftlb2-ssid14-03222026","BAR",7,"control",2,67,"spectralon_tank7_calibration2","data/TP2/TANK7CONT2_Reflection__16__16.txt","TANK7CONT2_Reflection__16__16.txt",2026-06-16 16:28:37.302242
"438","ftlb2-ssid14-03222026","BAR",7,"control",3,68,"spectralon_tank7_calibration2","data/TP2/TANK7CONT2_Reflection__17__17.txt","TANK7CONT2_Reflection__17__17.txt",2026-06-16 16:28:59.316771
"439","sc-ssid15-04182026","South Canyon",7,"control",1,63,"spectralon_tank7_calibration2","data/TP2/TANK7CONT2_Reflection__12__12.txt","TANK7CONT2_Reflection__12__12.txt",2026-06-16 16:25:46.264751
"440","sc-ssid15-04182026","South Canyon",7,"control",2,64,"spectralon_tank7_calibration2","data/TP2/TANK7CONT2_Reflection__13__13.txt","TANK7CONT2_Reflection__13__13.txt",2026-06-16 16:27:24.92308
"441","sc-ssid15-04182026","South Canyon",7,"control",3,65,"spectralon_tank7_calibration2","data/TP2/TANK7CONT2_Reflection__14__14.txt","TANK7CONT2_Reflection__14__14.txt",2026-06-16 16:27:38.361271
"442","sc-ssid22-04182026","South Canyon",7,"control",1,33,"spectralon_tank7_calibration3","data/TP2/TANK7CONT_Reflection__7__07.txt","TANK7CONT_Reflection__7__07.txt",2026-06-16 14:43:57.457764
"443","sc-ssid22-04182026","South Canyon",7,"control",2,34,"spectralon_tank7_calibration3","data/TP2/TANK7CONT_Reflection__8__08.txt","TANK7CONT_Reflection__8__08.txt",2026-06-16 14:44:23.20455
"444","sc-ssid22-04182026","South Canyon",7,"control",3,35,"spectralon_tank7_calibration3","data/TP2/TANK7CONT_Reflection__9__09.txt","TANK7CONT_Reflection__9__09.txt",2026-06-16 14:44:37.297308
"445","sc-ssid26-04182026","South Canyon",7,"control",1,57,"spectralon_tank7_calibration2","data/TP2/TANK7CONT2_Reflection__6__06.txt","TANK7CONT2_Reflection__6__06.txt",2026-06-16 16:23:31.900017
"446","sc-ssid26-04182026","South Canyon",7,"control",2,58,"spectralon_tank7_calibration2","data/TP2/TANK7CONT2_Reflection__7__07.txt","TANK7CONT2_Reflection__7__07.txt",2026-06-16 16:24:02.872513
"447","sc-ssid26-04182026","South Canyon",7,"control",3,59,"spectralon_tank7_calibration2","data/TP2/TANK7CONT2_Reflection__8__08.txt","TANK7CONT2_Reflection__8__08.txt",2026-06-16 16:24:16.119259
"448","skeleton_tank7",NA,7,"control",1,2,NA,"data/TP2/TANK7_Reflection__1__01.txt","TANK7_Reflection__1__01.txt",2026-06-16 13:09:29.472481
"449","skeleton_tank7",NA,7,"control",2,3,NA,"data/TP2/TANK7_Reflection__2__02.txt","TANK7_Reflection__2__02.txt",2026-06-16 13:09:43.050062
"450","skeleton_tank7",NA,7,"control",3,4,NA,"data/TP2/TANK7_Reflection__3__03.txt","TANK7_Reflection__3__03.txt",2026-06-16 13:09:55.054655
"451","skeleton_tank7_calibration2",NA,7,"control",1,27,NA,"data/TP2/TANK7CONT_Reflection__1__01.txt","TANK7CONT_Reflection__1__01.txt",2026-06-16 14:34:09.420038
"452","skeleton_tank7_calibration2",NA,7,"control",2,28,NA,"data/TP2/TANK7CONT_Reflection__2__02.txt","TANK7CONT_Reflection__2__02.txt",2026-06-16 14:34:21.391386
"453","skeleton_tank7_calibration2",NA,7,"control",3,29,NA,"data/TP2/TANK7CONT_Reflection__3__03.txt","TANK7CONT_Reflection__3__03.txt",2026-06-16 14:34:30.958614
"454","skeleton_tank7_calibration3",NA,7,"control",1,52,NA,"data/TP2/TANK7CONT2_Reflection__1__01.txt","TANK7CONT2_Reflection__1__01.txt",2026-06-16 16:21:54.870438
"455","skeleton_tank7_calibration3",NA,7,"control",2,53,NA,"data/TP2/TANK7CONT2_Reflection__2__02.txt","TANK7CONT2_Reflection__2__02.txt",2026-06-16 16:22:04.864168
"456","skeleton_tank7_calibration3",NA,7,"control",3,54,NA,"data/TP2/TANK7CONT2_Reflection__3__03.txt","TANK7CONT2_Reflection__3__03.txt",2026-06-16 16:22:15.877951
"457","spectralon_tank7_calibration2",NA,7,"control",1,51,NA,"data/TP2/TANK7CONT2_Reflection__0__00.txt","TANK7CONT2_Reflection__0__00.txt",2026-06-16 16:21:18.711485
"458","spectralon_tank7_calibration3",NA,7,"control",1,26,NA,"data/TP2/TANK7CONT_Reflection__0__00.txt","TANK7CONT_Reflection__0__00.txt",2026-06-16 14:33:07.058109
"459","spectralon_tank7",NA,7,"control",1,1,NA,"data/TP2/TANK7_Reflection__0__00.txt","TANK7_Reflection__0__00.txt",2026-06-16 13:08:35.016018
"460","DB-sid18-051426","Dania",8,"+4C",1,53,NA,"data/TP2/TANK8_Reflection__52__52.txt","TANK8_Reflection__52__52.txt",2026-06-16 17:21:21.35737
"461","DB-sid18-051426","Dania",8,"+4C",2,54,NA,"data/TP2/TANK8_Reflection__53__53.txt","TANK8_Reflection__53__53.txt",2026-06-16 17:21:34.051037
"462","DB-sid18-051426","Dania",8,"+4C",3,55,NA,"data/TP2/TANK8_Reflection__54__54.txt","TANK8_Reflection__54__54.txt",2026-06-16 17:21:50.801296
"463","DB-sid22-051426","Dania",8,"+4C",1,44,NA,"data/TP2/TANK8_Reflection__43__43.txt","TANK8_Reflection__43__43.txt",2026-06-16 17:18:04.479813
"464","DB-sid22-051426","Dania",8,"+4C",2,45,NA,"data/TP2/TANK8_Reflection__44__44.txt","TANK8_Reflection__44__44.txt",2026-06-16 17:18:15.977299
"465","DB-sid22-051426","Dania",8,"+4C",3,46,NA,"data/TP2/TANK8_Reflection__45__45.txt","TANK8_Reflection__45__45.txt",2026-06-16 17:18:31.593767
"466","DB-sid35-051426","Dania",8,"+4C",1,8,NA,"data/TP2/TANK8_Reflection__7__07.txt","TANK8_Reflection__7__07.txt",2026-06-16 16:56:54.816631
"467","DB-sid35-051426","Dania",8,"+4C",2,9,NA,"data/TP2/TANK8_Reflection__8__08.txt","TANK8_Reflection__8__08.txt",2026-06-16 16:57:06.135185
"468","DB-sid35-051426","Dania",8,"+4C",3,10,NA,"data/TP2/TANK8_Reflection__9__09.txt","TANK8_Reflection__9__09.txt",2026-06-16 16:57:21.740095
"469","EMERALD-sid02-052026","Emerald Reef",8,"+4C",1,62,NA,"data/TP2/TANK8_Reflection__61__61.txt","TANK8_Reflection__61__61.txt",2026-06-16 17:25:33.682228
"470","EMERALD-sid02-052026","Emerald Reef",8,"+4C",2,63,NA,"data/TP2/TANK8_Reflection__62__62.txt","TANK8_Reflection__62__62.txt",2026-06-16 17:25:47.132278
"471","EMERALD-sid02-052026","Emerald Reef",8,"+4C",3,64,NA,"data/TP2/TANK8_Reflection__63__63.txt","TANK8_Reflection__63__63.txt",2026-06-16 17:25:56.692972
"472","EMERALD-sid19-052026","Emerald Reef",8,"+4C",1,32,NA,"data/TP2/TANK8_Reflection__31__31.txt","TANK8_Reflection__31__31.txt",2026-06-16 17:08:56.936924
"473","EMERALD-sid19-052026","Emerald Reef",8,"+4C",2,33,NA,"data/TP2/TANK8_Reflection__32__32.txt","TANK8_Reflection__32__32.txt",2026-06-16 17:09:07.990747
"474","EMERALD-sid19-052026","Emerald Reef",8,"+4C",3,34,NA,"data/TP2/TANK8_Reflection__33__33.txt","TANK8_Reflection__33__33.txt",2026-06-16 17:09:18.494404
"475","EMERALD-sid30-052026","Emerald Reef",8,"+4C",1,11,NA,"data/TP2/TANK8_Reflection__10__10.txt","TANK8_Reflection__10__10.txt",2026-06-16 16:58:43.51582
"476","EMERALD-sid30-052026","Emerald Reef",8,"+4C",2,12,NA,"data/TP2/TANK8_Reflection__11__11.txt","TANK8_Reflection__11__11.txt",2026-06-16 16:58:52.718061
"477","EMERALD-sid30-052026","Emerald Reef",8,"+4C",3,13,NA,"data/TP2/TANK8_Reflection__12__12.txt","TANK8_Reflection__12__12.txt",2026-06-16 16:59:01.115061
"478","GRA-sid03-051426","Graceland",8,"+4C",1,20,NA,"data/TP2/TANK8_Reflection__19__19.txt","TANK8_Reflection__19__19.txt",2026-06-16 17:02:07.46916
"479","GRA-sid03-051426","Graceland",8,"+4C",2,21,NA,"data/TP2/TANK8_Reflection__20__20.txt","TANK8_Reflection__20__20.txt",2026-06-16 17:02:17.817158
"480","GRA-sid03-051426","Graceland",8,"+4C",3,22,NA,"data/TP2/TANK8_Reflection__21__21.txt","TANK8_Reflection__21__21.txt",2026-06-16 17:02:32.27951
"481","HB-sid08-051426","Hollywood",8,"+4C",1,5,NA,"data/TP2/TANK8_Reflection__4__04.txt","TANK8_Reflection__4__04.txt",2026-06-16 16:55:03.414001
"482","HB-sid08-051426","Hollywood",8,"+4C",2,6,NA,"data/TP2/TANK8_Reflection__5__05.txt","TANK8_Reflection__5__05.txt",2026-06-16 16:55:12.617729
"483","HB-sid08-051426","Hollywood",8,"+4C",3,7,NA,"data/TP2/TANK8_Reflection__6__06.txt","TANK8_Reflection__6__06.txt",2026-06-16 16:56:06.895891
"484","JR-sid07-052026","JR's Ledge",8,"+4C",1,59,NA,"data/TP2/TANK8_Reflection__58__58.txt","TANK8_Reflection__58__58.txt",2026-06-16 17:23:44.016914
"485","JR-sid07-052026","JR's Ledge",8,"+4C",2,60,NA,"data/TP2/TANK8_Reflection__59__59.txt","TANK8_Reflection__59__59.txt",2026-06-16 17:23:57.63343
"486","JR-sid07-052026","JR's Ledge",8,"+4C",3,61,NA,"data/TP2/TANK8_Reflection__60__60.txt","TANK8_Reflection__60__60.txt",2026-06-16 17:24:14.17704
"487","JR-sid13-052026","JR's Ledge",8,"+4C",1,23,NA,"data/TP2/TANK8_Reflection__22__22.txt","TANK8_Reflection__22__22.txt",2026-06-16 17:03:31.891361
"488","JR-sid13-052026","JR's Ledge",8,"+4C",2,24,NA,"data/TP2/TANK8_Reflection__23__23.txt","TANK8_Reflection__23__23.txt",2026-06-16 17:03:42.442425
"489","JR-sid13-052026","JR's Ledge",8,"+4C",3,25,NA,"data/TP2/TANK8_Reflection__24__24.txt","TANK8_Reflection__24__24.txt",2026-06-16 17:04:05.736542
"490","REV-sid02-052026","Reverse Reef",8,"+4C",1,29,NA,"data/TP2/TANK8_Reflection__28__28.txt","TANK8_Reflection__28__28.txt",2026-06-16 17:06:45.305958
"491","REV-sid02-052026","Reverse Reef",8,"+4C",2,30,NA,"data/TP2/TANK8_Reflection__29__29.txt","TANK8_Reflection__29__29.txt",2026-06-16 17:07:02.710567
"492","REV-sid02-052026","Reverse Reef",8,"+4C",3,31,NA,"data/TP2/TANK8_Reflection__30__30.txt","TANK8_Reflection__30__30.txt",2026-06-16 17:07:35.193422
"493","REV-sid22-052026","Reverse Reef",8,"+4C",1,35,NA,"data/TP2/TANK8_Reflection__34__34.txt","TANK8_Reflection__34__34.txt",2026-06-16 17:10:55.490219
"494","REV-sid22-052026","Reverse Reef",8,"+4C",2,36,NA,"data/TP2/TANK8_Reflection__35__35.txt","TANK8_Reflection__35__35.txt",2026-06-16 17:11:11.041561
"495","REV-sid22-052026","Reverse Reef",8,"+4C",3,37,NA,"data/TP2/TANK8_Reflection__36__36.txt","TANK8_Reflection__36__36.txt",2026-06-16 17:11:47.025137
"496","URB-sid01-052826","Dodge Island",8,"+4C",1,17,NA,"data/TP2/TANK8_Reflection__16__16.txt","TANK8_Reflection__16__16.txt",2026-06-16 17:01:00.736383
"497","URB-sid01-052826","Dodge Island",8,"+4C",2,18,NA,"data/TP2/TANK8_Reflection__17__17.txt","TANK8_Reflection__17__17.txt",2026-06-16 17:01:13.607811
"498","URB-sid01-052826","Dodge Island",8,"+4C",3,19,NA,"data/TP2/TANK8_Reflection__18__18.txt","TANK8_Reflection__18__18.txt",2026-06-16 17:01:35.861431
"499","URB-sid13-052826","Dodge Island",8,"+4C",1,41,NA,"data/TP2/TANK8_Reflection__40__40.txt","TANK8_Reflection__40__40.txt",2026-06-16 17:16:59.272102
"500","URB-sid13-052826","Dodge Island",8,"+4C",2,42,NA,"data/TP2/TANK8_Reflection__41__41.txt","TANK8_Reflection__41__41.txt",2026-06-16 17:17:19.187046
"501","URB-sid13-052826","Dodge Island",8,"+4C",3,43,NA,"data/TP2/TANK8_Reflection__42__42.txt","TANK8_Reflection__42__42.txt",2026-06-16 17:17:28.932976
"502","cave-ssid19-04162026","Caves",8,"+4C",1,26,NA,"data/TP2/TANK8_Reflection__25__25.txt","TANK8_Reflection__25__25.txt",2026-06-16 17:05:50.960468
"503","cave-ssid19-04162026","Caves",8,"+4C",2,27,NA,"data/TP2/TANK8_Reflection__26__26.txt","TANK8_Reflection__26__26.txt",2026-06-16 17:06:01.888205
"504","cave-ssid19-04162026","Caves",8,"+4C",3,28,NA,"data/TP2/TANK8_Reflection__27__27.txt","TANK8_Reflection__27__27.txt",2026-06-16 17:06:11.25798
"505","ftlb1-ssid11-03232026","BAR",8,"+4C",1,14,NA,"data/TP2/TANK8_Reflection__13__13.txt","TANK8_Reflection__13__13.txt",2026-06-16 17:00:06.034657
"506","ftlb1-ssid11-03232026","BAR",8,"+4C",2,15,NA,"data/TP2/TANK8_Reflection__14__14.txt","TANK8_Reflection__14__14.txt",2026-06-16 17:00:15.985687
"507","ftlb1-ssid11-03232026","BAR",8,"+4C",3,16,NA,"data/TP2/TANK8_Reflection__15__15.txt","TANK8_Reflection__15__15.txt",2026-06-16 17:00:24.775671
"508","ftlb1-ssid15-03232026","BAR",8,"+4C",1,47,NA,"data/TP2/TANK8_Reflection__46__46.txt","TANK8_Reflection__46__46.txt",2026-06-16 17:19:01.068954
"509","ftlb1-ssid15-03232026","BAR",8,"+4C",2,48,NA,"data/TP2/TANK8_Reflection__47__47.txt","TANK8_Reflection__47__47.txt",2026-06-16 17:19:26.208302
"510","ftlb1-ssid15-03232026","BAR",8,"+4C",3,49,NA,"data/TP2/TANK8_Reflection__48__48.txt","TANK8_Reflection__48__48.txt",2026-06-16 17:19:39.080734
"511","sc-ssid01-04182026","South Canyon",8,"+4C",1,38,NA,"data/TP2/TANK8_Reflection__37__37.txt","TANK8_Reflection__37__37.txt",2026-06-16 17:16:06.414957
"512","sc-ssid01-04182026","South Canyon",8,"+4C",2,39,NA,"data/TP2/TANK8_Reflection__38__38.txt","TANK8_Reflection__38__38.txt",2026-06-16 17:16:17.126373
"513","sc-ssid01-04182026","South Canyon",8,"+4C",3,40,NA,"data/TP2/TANK8_Reflection__39__39.txt","TANK8_Reflection__39__39.txt",2026-06-16 17:16:27.86438
"514","sc-ssid23-04182026","South Canyon",8,"+4C",1,50,NA,"data/TP2/TANK8_Reflection__49__49.txt","TANK8_Reflection__49__49.txt",2026-06-16 17:20:20.675997
"515","sc-ssid23-04182026","South Canyon",8,"+4C",2,51,NA,"data/TP2/TANK8_Reflection__50__50.txt","TANK8_Reflection__50__50.txt",2026-06-16 17:20:34.716051
"516","sc-ssid23-04182026","South Canyon",8,"+4C",3,52,NA,"data/TP2/TANK8_Reflection__51__51.txt","TANK8_Reflection__51__51.txt",2026-06-16 17:20:44.475203
"517","sc-ssid28-04182026","South Canyon",8,"+4C",1,56,NA,"data/TP2/TANK8_Reflection__55__55.txt","TANK8_Reflection__55__55.txt",2026-06-16 17:22:51.424925
"518","sc-ssid28-04182026","South Canyon",8,"+4C",2,57,NA,"data/TP2/TANK8_Reflection__56__56.txt","TANK8_Reflection__56__56.txt",2026-06-16 17:23:04.860252
"519","sc-ssid28-04182026","South Canyon",8,"+4C",3,58,NA,"data/TP2/TANK8_Reflection__57__57.txt","TANK8_Reflection__57__57.txt",2026-06-16 17:23:14.603785
"520","skeleton_tank8",NA,8,"+4C",1,2,NA,"data/TP2/TANK8_Reflection__1__01.txt","TANK8_Reflection__1__01.txt",2026-06-16 16:53:18.983316
"521","skeleton_tank8",NA,8,"+4C",2,3,NA,"data/TP2/TANK8_Reflection__2__02.txt","TANK8_Reflection__2__02.txt",2026-06-16 16:53:31.122988
"522","skeleton_tank8",NA,8,"+4C",3,4,NA,"data/TP2/TANK8_Reflection__3__03.txt","TANK8_Reflection__3__03.txt",2026-06-16 16:53:44.630739
"523","spectralon_tank8",NA,8,"+4C",1,1,NA,"data/TP2/TANK8_Reflection__0__00.txt","TANK8_Reflection__0__00.txt",2026-06-16 16:52:30.303493
"524","DB-sid25-051426","Dania",9,"+2C",1,23,NA,"data/TP2/TANK9_Reflection__22__22.txt","TANK9_Reflection__22__22.txt",2026-06-16 17:54:28.229679
"525","DB-sid25-051426","Dania",9,"+2C",2,24,NA,"data/TP2/TANK9_Reflection__23__23.txt","TANK9_Reflection__23__23.txt",2026-06-16 17:54:47.341002
"526","DB-sid25-051426","Dania",9,"+2C",3,25,NA,"data/TP2/TANK9_Reflection__24__24.txt","TANK9_Reflection__24__24.txt",2026-06-16 17:55:08.850649
"527","DB-sid26-051426","Dania",9,"+2C",1,5,NA,"data/TP2/TANK9_Reflection__4__04.txt","TANK9_Reflection__4__04.txt",2026-06-16 17:42:23.040533
"528","DB-sid26-051426","Dania",9,"+2C",2,6,NA,"data/TP2/TANK9_Reflection__5__05.txt","TANK9_Reflection__5__05.txt",2026-06-16 17:42:34.464363
"529","DB-sid26-051426","Dania",9,"+2C",3,7,NA,"data/TP2/TANK9_Reflection__6__06.txt","TANK9_Reflection__6__06.txt",2026-06-16 17:42:48.262762
"530","DB-sid30-051426","Dania",9,"+2C",1,35,NA,"data/TP2/TANK9_Reflection__34__34.txt","TANK9_Reflection__34__34.txt",2026-06-16 18:00:08.555141
"531","DB-sid30-051426","Dania",9,"+2C",2,36,NA,"data/TP2/TANK9_Reflection__35__35.txt","TANK9_Reflection__35__35.txt",2026-06-16 18:00:21.363998
"532","DB-sid30-051426","Dania",9,"+2C",3,37,NA,"data/TP2/TANK9_Reflection__36__36.txt","TANK9_Reflection__36__36.txt",2026-06-16 18:00:31.313086
"533","EMERALD-sid01-052026","Emerald Reef",9,"+2C",1,25,NA,"data/TP2/TANK9_Reflection__24__24.txt","TANK9_Reflection__24__24.txt",2026-06-16 17:55:08.850649
"534","EMERALD-sid01-052026","Emerald Reef",9,"+2C",2,26,NA,"data/TP2/TANK9_Reflection__25__25.txt","TANK9_Reflection__25__25.txt",2026-06-16 17:56:03.180771
"535","EMERALD-sid01-052026","Emerald Reef",9,"+2C",3,27,NA,"data/TP2/TANK9_Reflection__26__26.txt","TANK9_Reflection__26__26.txt",2026-06-16 17:56:20.873539
"536","EMERALD-sid17-052026","Emerald Reef",9,"+2C",1,8,NA,"data/TP2/TANK9_Reflection__7__07.txt","TANK9_Reflection__7__07.txt",2026-06-16 17:43:45.095297
"537","EMERALD-sid17-052026","Emerald Reef",9,"+2C",2,9,NA,"data/TP2/TANK9_Reflection__8__08.txt","TANK9_Reflection__8__08.txt",2026-06-16 17:43:59.105555
"538","EMERALD-sid17-052026","Emerald Reef",9,"+2C",3,10,NA,"data/TP2/TANK9_Reflection__9__09.txt","TANK9_Reflection__9__09.txt",2026-06-16 17:44:26.00391
"539","EMERALD-sid26-052026","Emerald Reef",9,"+2C",1,62,NA,"data/TP2/TANK9_Reflection__61__61.txt","TANK9_Reflection__61__61.txt",2026-06-16 18:13:31.39463
"540","EMERALD-sid26-052026","Emerald Reef",9,"+2C",2,63,NA,"data/TP2/TANK9_Reflection__62__62.txt","TANK9_Reflection__62__62.txt",2026-06-16 18:13:41.614914
"541","EMERALD-sid26-052026","Emerald Reef",9,"+2C",3,64,NA,"data/TP2/TANK9_Reflection__63__63.txt","TANK9_Reflection__63__63.txt",2026-06-16 18:13:51.383829
"542","GRA-sid16-051426","Graceland",9,"+2C",1,32,NA,"data/TP2/TANK9_Reflection__31__31.txt","TANK9_Reflection__31__31.txt",2026-06-16 17:58:58.49279
"543","GRA-sid16-051426","Graceland",9,"+2C",2,33,NA,"data/TP2/TANK9_Reflection__32__32.txt","TANK9_Reflection__32__32.txt",2026-06-16 17:59:11.158564
"544","GRA-sid16-051426","Graceland",9,"+2C",3,34,NA,"data/TP2/TANK9_Reflection__33__33.txt","TANK9_Reflection__33__33.txt",2026-06-16 17:59:28.476879
"545","GRA-sid24-051426","Graceland",9,"+2C",1,44,NA,"data/TP2/TANK9_Reflection__43__43.txt","TANK9_Reflection__43__43.txt",2026-06-16 18:04:13.880674
"546","GRA-sid24-051426","Graceland",9,"+2C",2,45,NA,"data/TP2/TANK9_Reflection__44__44.txt","TANK9_Reflection__44__44.txt",2026-06-16 18:04:42.820295
"547","GRA-sid24-051426","Graceland",9,"+2C",3,46,NA,"data/TP2/TANK9_Reflection__45__45.txt","TANK9_Reflection__45__45.txt",2026-06-16 18:05:00.411318
"548","JR-sid22-052026","JR's Ledge",9,"+2C",1,50,NA,"data/TP2/TANK9_Reflection__49__49.txt","TANK9_Reflection__49__49.txt",2026-06-16 18:07:51.270288
"549","JR-sid22-052026","JR's Ledge",9,"+2C",2,51,NA,"data/TP2/TANK9_Reflection__50__50.txt","TANK9_Reflection__50__50.txt",2026-06-16 18:08:21.593647
"550","JR-sid22-052026","JR's Ledge",9,"+2C",3,52,NA,"data/TP2/TANK9_Reflection__51__51.txt","TANK9_Reflection__51__51.txt",2026-06-16 18:08:44.447161
"551","JR-sid33-052026","JR's Ledge",9,"+2C",1,38,NA,"data/TP2/TANK9_Reflection__37__37.txt","TANK9_Reflection__37__37.txt",2026-06-16 18:01:15.715574
"552","JR-sid33-052026","JR's Ledge",9,"+2C",2,39,NA,"data/TP2/TANK9_Reflection__38__38.txt","TANK9_Reflection__38__38.txt",2026-06-16 18:01:58.930708
"553","JR-sid33-052026","JR's Ledge",9,"+2C",3,40,NA,"data/TP2/TANK9_Reflection__39__39.txt","TANK9_Reflection__39__39.txt",2026-06-16 18:02:11.695599
"554","JR-sid34-052026","JR's Ledge",9,"+2C",1,56,NA,"data/TP2/TANK9_Reflection__55__55.txt","TANK9_Reflection__55__55.txt",2026-06-16 18:11:17.047123
"555","JR-sid34-052026","JR's Ledge",9,"+2C",2,57,NA,"data/TP2/TANK9_Reflection__56__56.txt","TANK9_Reflection__56__56.txt",2026-06-16 18:11:25.465994
"556","JR-sid34-052026","JR's Ledge",9,"+2C",3,58,NA,"data/TP2/TANK9_Reflection__57__57.txt","TANK9_Reflection__57__57.txt",2026-06-16 18:11:33.588417
"557","REV-sid03-052026","Reverse Reef",9,"+2C",1,29,NA,"data/TP2/TANK9_Reflection__28__28.txt","TANK9_Reflection__28__28.txt",2026-06-16 17:57:30.435156
"558","REV-sid03-052026","Reverse Reef",9,"+2C",2,30,NA,"data/TP2/TANK9_Reflection__29__29.txt","TANK9_Reflection__29__29.txt",2026-06-16 17:57:42.917742
"559","REV-sid03-052026","Reverse Reef",9,"+2C",3,31,NA,"data/TP2/TANK9_Reflection__30__30.txt","TANK9_Reflection__30__30.txt",2026-06-16 17:57:52.720844
"560","URB-sid14-052826","Dodge Island",9,"+2C",1,20,NA,"data/TP2/TANK9_Reflection__19__19.txt","TANK9_Reflection__19__19.txt",2026-06-16 17:52:03.615467
"561","URB-sid14-052826","Dodge Island",9,"+2C",2,21,NA,"data/TP2/TANK9_Reflection__20__20.txt","TANK9_Reflection__20__20.txt",2026-06-16 17:52:27.526564
"562","URB-sid14-052826","Dodge Island",9,"+2C",3,22,NA,"data/TP2/TANK9_Reflection__21__21.txt","TANK9_Reflection__21__21.txt",2026-06-16 17:52:40.10689
"563","URB-sid31-052826","Dodge Island",9,"+2C",1,17,NA,"data/TP2/TANK9_Reflection__16__16.txt","TANK9_Reflection__16__16.txt",2026-06-16 17:49:55.695467
"564","URB-sid31-052826","Dodge Island",9,"+2C",2,18,NA,"data/TP2/TANK9_Reflection__17__17.txt","TANK9_Reflection__17__17.txt",2026-06-16 17:50:35.207111
"565","URB-sid31-052826","Dodge Island",9,"+2C",3,19,NA,"data/TP2/TANK9_Reflection__18__18.txt","TANK9_Reflection__18__18.txt",2026-06-16 17:50:46.512394
"566","cave-ssid05-04162026","Caves",9,"+2C",1,59,NA,"data/TP2/TANK9_Reflection__58__58.txt","TANK9_Reflection__58__58.txt",2026-06-16 18:12:11.331797
"567","cave-ssid05-04162026","Caves",9,"+2C",2,60,NA,"data/TP2/TANK9_Reflection__59__59.txt","TANK9_Reflection__59__59.txt",2026-06-16 18:12:27.518543
"568","cave-ssid05-04162026","Caves",9,"+2C",3,61,NA,"data/TP2/TANK9_Reflection__60__60.txt","TANK9_Reflection__60__60.txt",2026-06-16 18:12:41.282364
"569","cave-ssid07-04162026","Caves",9,"+2C",1,11,NA,"data/TP2/TANK9_Reflection__10__10.txt","TANK9_Reflection__10__10.txt",2026-06-16 17:45:53.454372
"570","cave-ssid07-04162026","Caves",9,"+2C",2,12,NA,"data/TP2/TANK9_Reflection__11__11.txt","TANK9_Reflection__11__11.txt",2026-06-16 17:46:04.872803
"571","cave-ssid07-04162026","Caves",9,"+2C",3,13,NA,"data/TP2/TANK9_Reflection__12__12.txt","TANK9_Reflection__12__12.txt",2026-06-16 17:46:20.097816
"572","ftlb2-ssid13-03222026","BAR",9,"+2C",1,53,NA,"data/TP2/TANK9_Reflection__52__52.txt","TANK9_Reflection__52__52.txt",2026-06-16 18:09:44.572544
"573","ftlb2-ssid13-03222026","BAR",9,"+2C",2,54,NA,"data/TP2/TANK9_Reflection__53__53.txt","TANK9_Reflection__53__53.txt",2026-06-16 18:10:05.608961
"574","ftlb2-ssid13-03222026","BAR",9,"+2C",3,55,NA,"data/TP2/TANK9_Reflection__54__54.txt","TANK9_Reflection__54__54.txt",2026-06-16 18:10:23.026352
"575","sc-ssid02-04182026","South Canyon",9,"+2C",1,14,NA,"data/TP2/TANK9_Reflection__13__13.txt","TANK9_Reflection__13__13.txt",2026-06-16 17:48:14.623964
"576","sc-ssid02-04182026","South Canyon",9,"+2C",2,15,NA,"data/TP2/TANK9_Reflection__14__14.txt","TANK9_Reflection__14__14.txt",2026-06-16 17:48:28.345705
"577","sc-ssid02-04182026","South Canyon",9,"+2C",3,16,NA,"data/TP2/TANK9_Reflection__15__15.txt","TANK9_Reflection__15__15.txt",2026-06-16 17:48:36.620474
"578","sc-ssid08-04182026","South Canyon",9,"+2C",1,41,NA,"data/TP2/TANK9_Reflection__40__40.txt","TANK9_Reflection__40__40.txt",2026-06-16 18:03:11.502689
"579","sc-ssid08-04182026","South Canyon",9,"+2C",2,42,NA,"data/TP2/TANK9_Reflection__41__41.txt","TANK9_Reflection__41__41.txt",2026-06-16 18:03:25.936407
"580","sc-ssid08-04182026","South Canyon",9,"+2C",3,43,NA,"data/TP2/TANK9_Reflection__42__42.txt","TANK9_Reflection__42__42.txt",2026-06-16 18:03:34.203033
"581","sc-ssid12-04182026","South Canyon",9,"+2C",1,47,NA,"data/TP2/TANK9_Reflection__46__46.txt","TANK9_Reflection__46__46.txt",2026-06-16 18:05:44.710424
"582","sc-ssid12-04182026","South Canyon",9,"+2C",2,48,NA,"data/TP2/TANK9_Reflection__47__47.txt","TANK9_Reflection__47__47.txt",2026-06-16 18:05:57.218437
"583","sc-ssid12-04182026","South Canyon",9,"+2C",3,49,NA,"data/TP2/TANK9_Reflection__48__48.txt","TANK9_Reflection__48__48.txt",2026-06-16 18:06:10.638109
"584","skeleton_tank9",NA,9,"+2C",1,2,NA,"data/TP2/TANK9_Reflection__1__01.txt","TANK9_Reflection__1__01.txt",2026-06-16 17:40:43.94887
"585","skeleton_tank9",NA,9,"+2C",2,3,NA,"data/TP2/TANK9_Reflection__2__02.txt","TANK9_Reflection__2__02.txt",2026-06-16 17:40:58.739653
"586","skeleton_tank9",NA,9,"+2C",3,4,NA,"data/TP2/TANK9_Reflection__3__03.txt","TANK9_Reflection__3__03.txt",2026-06-16 17:41:16.947277
"587","spectralon_tank9",NA,9,"+2C",1,1,NA,"data/TP2/TANK9_Reflection__0__00.txt","TANK9_Reflection__0__00.txt",2026-06-16 17:40:05.539589
"588","DB-sid04-051426","Dania",10,"control",1,41,NA,"data/TP2/TANK10_Reflection__40__40.txt","TANK10_Reflection__40__40.txt",2026-06-16 18:59:37.137478
"589","DB-sid04-051426","Dania",10,"control",2,42,NA,"data/TP2/TANK10_Reflection__41__41.txt","TANK10_Reflection__41__41.txt",2026-06-16 18:59:45.135227
"590","DB-sid04-051426","Dania",10,"control",3,43,NA,"data/TP2/TANK10_Reflection__42__42.txt","TANK10_Reflection__42__42.txt",2026-06-16 18:59:57.36455
"591","DB-sid07-051426","Dania",10,"control",1,23,NA,"data/TP2/TANK10_Reflection__22__22.txt","TANK10_Reflection__22__22.txt",2026-06-16 18:38:58.917322
"592","DB-sid07-051426","Dania",10,"control",2,24,NA,"data/TP2/TANK10_Reflection__23__23.txt","TANK10_Reflection__23__23.txt",2026-06-16 18:39:12.559635
"593","DB-sid07-051426","Dania",10,"control",3,25,NA,"data/TP2/TANK10_Reflection__24__24.txt","TANK10_Reflection__24__24.txt",2026-06-16 18:39:32.490589
"594","DB-sid20-051426","Dania",10,"control",1,11,NA,"data/TP2/TANK10_Reflection__10__10.txt","TANK10_Reflection__10__10.txt",2026-06-16 18:29:44.665476
"595","DB-sid20-051426","Dania",10,"control",2,12,NA,"data/TP2/TANK10_Reflection__11__11.txt","TANK10_Reflection__11__11.txt",2026-06-16 18:30:30.525017
"596","DB-sid20-051426","Dania",10,"control",3,13,NA,"data/TP2/TANK10_Reflection__12__12.txt","TANK10_Reflection__12__12.txt",2026-06-16 18:30:40.209381
"597","EMERALD-sid16-052026","Emerald Reef",10,"control",1,29,NA,"data/TP2/TANK10_Reflection__28__28.txt","TANK10_Reflection__28__28.txt",2026-06-16 18:50:36.065697
"598","EMERALD-sid16-052026","Emerald Reef",10,"control",2,30,NA,"data/TP2/TANK10_Reflection__29__29.txt","TANK10_Reflection__29__29.txt",2026-06-16 18:50:51.010408
"599","EMERALD-sid16-052026","Emerald Reef",10,"control",3,31,NA,"data/TP2/TANK10_Reflection__30__30.txt","TANK10_Reflection__30__30.txt",2026-06-16 18:51:09.759403
"600","GRA-sid26-051426","Graceland",10,"control",1,20,NA,"data/TP2/TANK10_Reflection__19__19.txt","TANK10_Reflection__19__19.txt",2026-06-16 18:36:23.672796
"601","GRA-sid26-051426","Graceland",10,"control",2,21,NA,"data/TP2/TANK10_Reflection__20__20.txt","TANK10_Reflection__20__20.txt",2026-06-16 18:37:23.548885
"602","GRA-sid26-051426","Graceland",10,"control",3,22,NA,"data/TP2/TANK10_Reflection__21__21.txt","TANK10_Reflection__21__21.txt",2026-06-16 18:37:53.248125
"603","HB-sid20-051426","Hollywood",10,"control",1,17,NA,"data/TP2/TANK10_Reflection__16__16.txt","TANK10_Reflection__16__16.txt",2026-06-16 18:34:40.817478
"604","HB-sid20-051426","Hollywood",10,"control",2,18,NA,"data/TP2/TANK10_Reflection__17__17.txt","TANK10_Reflection__17__17.txt",2026-06-16 18:34:51.326809
"605","HB-sid20-051426","Hollywood",10,"control",3,19,NA,"data/TP2/TANK10_Reflection__18__18.txt","TANK10_Reflection__18__18.txt",2026-06-16 18:35:14.464258
"606","JR-sid06-052026","JR's Ledge",10,"control",1,44,NA,"data/TP2/TANK10_Reflection__43__43.txt","TANK10_Reflection__43__43.txt",2026-06-16 19:00:44.685146
"607","JR-sid06-052026","JR's Ledge",10,"control",2,45,NA,"data/TP2/TANK10_Reflection__44__44.txt","TANK10_Reflection__44__44.txt",2026-06-16 19:00:54.181038
"608","JR-sid06-052026","JR's Ledge",10,"control",3,46,NA,"data/TP2/TANK10_Reflection__45__45.txt","TANK10_Reflection__45__45.txt",2026-06-16 19:01:12.067186
"609","JR-sid11-052026","JR's Ledge",10,"control",1,38,NA,"data/TP2/TANK10_Reflection__37__37.txt","TANK10_Reflection__37__37.txt",2026-06-16 18:57:53.600965
"610","JR-sid11-052026","JR's Ledge",10,"control",2,39,NA,"data/TP2/TANK10_Reflection__38__38.txt","TANK10_Reflection__38__38.txt",2026-06-16 18:58:13.848692
"611","JR-sid11-052026","JR's Ledge",10,"control",3,40,NA,"data/TP2/TANK10_Reflection__39__39.txt","TANK10_Reflection__39__39.txt",2026-06-16 18:58:40.621191
"612","JR-sid36-052026","JR's Ledge",10,"control",1,50,NA,"data/TP2/TANK10_Reflection__49__49.txt","TANK10_Reflection__49__49.txt",2026-06-16 19:03:51.724195
"613","JR-sid36-052026","JR's Ledge",10,"control",2,51,NA,"data/TP2/TANK10_Reflection__50__50.txt","TANK10_Reflection__50__50.txt",2026-06-16 19:04:16.203178
"614","JR-sid36-052026","JR's Ledge",10,"control",3,52,NA,"data/TP2/TANK10_Reflection__51__51.txt","TANK10_Reflection__51__51.txt",2026-06-16 19:05:28.607861
"615","REV-sid25-052026","Reverse Reef",10,"control",1,47,NA,"data/TP2/TANK10_Reflection__46__46.txt","TANK10_Reflection__46__46.txt",2026-06-16 19:02:12.693403
"616","REV-sid25-052026","Reverse Reef",10,"control",2,48,NA,"data/TP2/TANK10_Reflection__47__47.txt","TANK10_Reflection__47__47.txt",2026-06-16 19:02:21.126429
"617","REV-sid25-052026","Reverse Reef",10,"control",3,49,NA,"data/TP2/TANK10_Reflection__48__48.txt","TANK10_Reflection__48__48.txt",2026-06-16 19:02:33.338015
"618","URB-sid18-052826","Dodge Island",10,"control",1,63,NA,"data/TP2/TANK10_Reflection__62__62.txt","TANK10_Reflection__62__62.txt",2026-06-16 19:13:46.359438
"619","URB-sid18-052826","Dodge Island",10,"control",2,64,NA,"data/TP2/TANK10_Reflection__63__63.txt","TANK10_Reflection__63__63.txt",2026-06-16 19:14:00.893602
"620","URB-sid18-052826","Dodge Island",10,"control",3,65,NA,"data/TP2/TANK10_Reflection__64__64.txt","TANK10_Reflection__64__64.txt",2026-06-16 19:14:10.368031
"621","URB-sid19-052826","Dodge Island",10,"control",1,60,NA,"data/TP2/TANK10_Reflection__59__59.txt","TANK10_Reflection__59__59.txt",2026-06-16 19:12:24.999617
"622","URB-sid19-052826","Dodge Island",10,"control",2,61,NA,"data/TP2/TANK10_Reflection__60__60.txt","TANK10_Reflection__60__60.txt",2026-06-16 19:12:45.23947
"623","URB-sid19-052826","Dodge Island",10,"control",3,62,NA,"data/TP2/TANK10_Reflection__61__61.txt","TANK10_Reflection__61__61.txt",2026-06-16 19:12:53.011295
"624","URB-sid32-052826","Dodge Island",10,"control",1,57,NA,"data/TP2/TANK10_Reflection__56__56.txt","TANK10_Reflection__56__56.txt",2026-06-16 19:08:26.863997
"625","URB-sid32-052826","Dodge Island",10,"control",2,58,NA,"data/TP2/TANK10_Reflection__57__57.txt","TANK10_Reflection__57__57.txt",2026-06-16 19:11:08.451719
"626","URB-sid32-052826","Dodge Island",10,"control",3,59,NA,"data/TP2/TANK10_Reflection__58__58.txt","TANK10_Reflection__58__58.txt",2026-06-16 19:11:22.799314
"627","cave-ssid08-04162026","Caves",10,"control",1,53,NA,"data/TP2/TANK10_Reflection__52__52.txt","TANK10_Reflection__52__52.txt",2026-06-16 19:06:39.491449
"628","cave-ssid08-04162026","Caves",10,"control",3,55,NA,"data/TP2/TANK10_Reflection__54__54.txt","TANK10_Reflection__54__54.txt",2026-06-16 19:07:24.215878
"629","cave-ssid08-04162026","Caves",10,"control",4,56,NA,"data/TP2/TANK10_Reflection__55__55.txt","TANK10_Reflection__55__55.txt",2026-06-16 19:07:39.647799
"630","cave-ssid12-04162026","Caves",10,"control",1,5,NA,"data/TP2/TANK10_Reflection__4__04.txt","TANK10_Reflection__4__04.txt",2026-06-16 18:26:14.084877
"631","cave-ssid12-04162026","Caves",10,"control",2,6,NA,"data/TP2/TANK10_Reflection__5__05.txt","TANK10_Reflection__5__05.txt",2026-06-16 18:26:22.74201
"632","cave-ssid12-04162026","Caves",10,"control",3,7,NA,"data/TP2/TANK10_Reflection__6__06.txt","TANK10_Reflection__6__06.txt",2026-06-16 18:26:30.347523
"633","ftlb1-ssid06-03232026","BAR",10,"control",1,8,NA,"data/TP2/TANK10_Reflection__7__07.txt","TANK10_Reflection__7__07.txt",2026-06-16 18:27:47.199383
"634","ftlb1-ssid06-03232026","BAR",10,"control",2,9,NA,"data/TP2/TANK10_Reflection__8__08.txt","TANK10_Reflection__8__08.txt",2026-06-16 18:27:56.290077
"635","ftlb1-ssid06-03232026","BAR",10,"control",3,10,NA,"data/TP2/TANK10_Reflection__9__09.txt","TANK10_Reflection__9__09.txt",2026-06-16 18:28:36.674532
"636","ftlb1-ssid08-03232026","BAR",10,"control",1,32,NA,"data/TP2/TANK10_Reflection__31__31.txt","TANK10_Reflection__31__31.txt",2026-06-16 18:53:54.578129
"637","ftlb1-ssid08-03232026","BAR",10,"control",2,33,NA,"data/TP2/TANK10_Reflection__32__32.txt","TANK10_Reflection__32__32.txt",2026-06-16 18:54:03.832279
"638","ftlb1-ssid08-03232026","BAR",10,"control",3,34,NA,"data/TP2/TANK10_Reflection__33__33.txt","TANK10_Reflection__33__33.txt",2026-06-16 18:54:09.924299
"639","ftlb2-ssid11-03222026","BAR",10,"control",1,14,NA,"data/TP2/TANK10_Reflection__13__13.txt","TANK10_Reflection__13__13.txt",2026-06-16 18:31:22.174662
"640","ftlb2-ssid11-03222026","BAR",10,"control",2,15,NA,"data/TP2/TANK10_Reflection__14__14.txt","TANK10_Reflection__14__14.txt",2026-06-16 18:31:44.916023
"641","ftlb2-ssid11-03222026","BAR",10,"control",3,16,NA,"data/TP2/TANK10_Reflection__15__15.txt","TANK10_Reflection__15__15.txt",2026-06-16 18:33:18.264269
"642","sc-ssid20-04182026","South Canyon",10,"control",1,35,NA,"data/TP2/TANK10_Reflection__34__34.txt","TANK10_Reflection__34__34.txt",2026-06-16 18:55:46.002602
"643","sc-ssid20-04182026","South Canyon",10,"control",2,36,NA,"data/TP2/TANK10_Reflection__35__35.txt","TANK10_Reflection__35__35.txt",2026-06-16 18:56:01.156
"644","sc-ssid20-04182026","South Canyon",10,"control",3,37,NA,"data/TP2/TANK10_Reflection__36__36.txt","TANK10_Reflection__36__36.txt",2026-06-16 18:56:12.939144
"645","sc-ssid29-04182026","South Canyon",10,"control",1,26,NA,"data/TP2/TANK10_Reflection__25__25.txt","TANK10_Reflection__25__25.txt",2026-06-16 18:40:52.1152
"646","sc-ssid29-04182026","South Canyon",10,"control",2,27,NA,"data/TP2/TANK10_Reflection__26__26.txt","TANK10_Reflection__26__26.txt",2026-06-16 18:41:04.524736
"647","sc-ssid29-04182026","South Canyon",10,"control",3,28,NA,"data/TP2/TANK10_Reflection__27__27.txt","TANK10_Reflection__27__27.txt",2026-06-16 18:41:16.302782
"648","skeleton_tank10",NA,10,"control",1,2,NA,"data/TP2/TANK10_Reflection__1__01.txt","TANK10_Reflection__1__01.txt",2026-06-16 18:25:20.599501
"649","skeleton_tank10",NA,10,"control",2,3,NA,"data/TP2/TANK10_Reflection__2__02.txt","TANK10_Reflection__2__02.txt",2026-06-16 18:25:30.304012
"650","skeleton_tank10",NA,10,"control",3,4,NA,"data/TP2/TANK10_Reflection__3__03.txt","TANK10_Reflection__3__03.txt",2026-06-16 18:25:39.784838
"651","spectralon_tank10",NA,10,"control",1,1,NA,"data/TP2/TANK10_Reflection__0__00.txt","TANK10_Reflection__0__00.txt",2026-06-16 18:24:44.698589
"652","DB-sid14-051426","Dania",11,"+4C",1,14,NA,"data/TP2/TANK11_Reflection__13__13.txt","TANK11_Reflection__13__13.txt",2026-06-16 20:03:40.923973
"653","DB-sid14-051426","Dania",11,"+4C",2,15,NA,"data/TP2/TANK11_Reflection__14__14.txt","TANK11_Reflection__14__14.txt",2026-06-16 20:03:47.415409
"654","DB-sid14-051426","Dania",11,"+4C",3,16,NA,"data/TP2/TANK11_Reflection__15__15.txt","TANK11_Reflection__15__15.txt",2026-06-16 20:04:50.439102
"655","DB-sid14-051426","Dania",11,"+4C",4,17,NA,"data/TP2/TANK11_Reflection__16__16.txt","TANK11_Reflection__16__16.txt",2026-06-16 20:05:03.758911
"656","EMERALD-sid11-052026","Emerald Reef",11,"+4C",1,36,NA,"data/TP2/TANK11_Reflection__35__35.txt","TANK11_Reflection__35__35.txt",2026-06-16 20:21:34.830671
"657","EMERALD-sid11-052026","Emerald Reef",11,"+4C",2,37,NA,"data/TP2/TANK11_Reflection__36__36.txt","TANK11_Reflection__36__36.txt",2026-06-16 20:21:57.579308
"658","EMERALD-sid11-052026","Emerald Reef",11,"+4C",3,38,NA,"data/TP2/TANK11_Reflection__37__37.txt","TANK11_Reflection__37__37.txt",2026-06-16 20:22:08.634163
"659","EMERALD-sid32-052026","Emerald Reef",11,"+4C",1,51,NA,"data/TP2/TANK11_Reflection__50__50.txt","TANK11_Reflection__50__50.txt",2026-06-16 20:31:09.095919
"660","EMERALD-sid32-052026","Emerald Reef",11,"+4C",2,52,NA,"data/TP2/TANK11_Reflection__51__51.txt","TANK11_Reflection__51__51.txt",2026-06-16 20:31:24.690697
"661","EMERALD-sid32-052026","Emerald Reef",11,"+4C",3,53,NA,"data/TP2/TANK11_Reflection__52__52.txt","TANK11_Reflection__52__52.txt",2026-06-16 20:31:36.709629
"662","GRA-sid14-051426","Graceland",11,"+4C",1,42,NA,"data/TP2/TANK11_Reflection__41__41.txt","TANK11_Reflection__41__41.txt",2026-06-16 20:25:58.742701
"663","GRA-sid14-051426","Graceland",11,"+4C",2,43,NA,"data/TP2/TANK11_Reflection__42__42.txt","TANK11_Reflection__42__42.txt",2026-06-16 20:26:25.061293
"664","GRA-sid14-051426","Graceland",11,"+4C",3,44,NA,"data/TP2/TANK11_Reflection__43__43.txt","TANK11_Reflection__43__43.txt",2026-06-16 20:26:40.328053
"665","GRA-sid32-051426","Graceland",11,"+4C",1,54,NA,"data/TP2/TANK11_Reflection__53__53.txt","TANK11_Reflection__53__53.txt",2026-06-16 20:32:10.174898
"666","GRA-sid32-051426","Graceland",11,"+4C",2,55,NA,"data/TP2/TANK11_Reflection__54__54.txt","TANK11_Reflection__54__54.txt",2026-06-16 20:32:27.080667
"667","GRA-sid32-051426","Graceland",11,"+4C",3,56,NA,"data/TP2/TANK11_Reflection__55__55.txt","TANK11_Reflection__55__55.txt",2026-06-16 20:32:44.65202
"668","HB-sid01-051426","Hollywood",11,"+4C",1,60,NA,"data/TP2/TANK11_Reflection__59__59.txt","TANK11_Reflection__59__59.txt",2026-06-16 20:34:21.469866
"669","HB-sid01-051426","Hollywood",11,"+4C",2,61,NA,"data/TP2/TANK11_Reflection__60__60.txt","TANK11_Reflection__60__60.txt",2026-06-16 20:34:35.436956
"670","HB-sid01-051426","Hollywood",11,"+4C",3,62,NA,"data/TP2/TANK11_Reflection__61__61.txt","TANK11_Reflection__61__61.txt",2026-06-16 20:34:58.520472
"671","JR-sid08-052026","JR's Ledge",11,"+4C",1,21,NA,"data/TP2/TANK11_Reflection__20__20.txt","TANK11_Reflection__20__20.txt",2026-06-16 20:09:56.338289
"672","JR-sid08-052026","JR's Ledge",11,"+4C",2,22,NA,"data/TP2/TANK11_Reflection__21__21.txt","TANK11_Reflection__21__21.txt",2026-06-16 20:10:28.184631
"673","JR-sid08-052026","JR's Ledge",11,"+4C",3,23,NA,"data/TP2/TANK11_Reflection__22__22.txt","TANK11_Reflection__22__22.txt",2026-06-16 20:10:43.791016
"674","JR-sid09-052026","JR's Ledge",11,"+4C",1,63,NA,"data/TP2/TANK11_Reflection__62__62.txt","TANK11_Reflection__62__62.txt",2026-06-16 20:35:40.125051
"675","JR-sid09-052026","JR's Ledge",11,"+4C",2,64,NA,"data/TP2/TANK11_Reflection__63__63.txt","TANK11_Reflection__63__63.txt",2026-06-16 20:35:50.832214
"676","JR-sid09-052026","JR's Ledge",11,"+4C",3,65,NA,"data/TP2/TANK11_Reflection__64__64.txt","TANK11_Reflection__64__64.txt",2026-06-16 20:36:01.561314
"677","JR-sid26-052026","JR's Ledge",11,"+4C",1,18,NA,"data/TP2/TANK11_Reflection__17__17.txt","TANK11_Reflection__17__17.txt",2026-06-16 20:06:09.754549
"678","JR-sid26-052026","JR's Ledge",11,"+4C",2,19,NA,"data/TP2/TANK11_Reflection__18__18.txt","TANK11_Reflection__18__18.txt",2026-06-16 20:06:22.11385
"679","JR-sid26-052026","JR's Ledge",11,"+4C",3,20,NA,"data/TP2/TANK11_Reflection__19__19.txt","TANK11_Reflection__19__19.txt",2026-06-16 20:06:34.136074
"680","REV-sid01-052026","Reverse Reef",11,"+4C",1,33,NA,"data/TP2/TANK11_Reflection__32__32.txt","TANK11_Reflection__32__32.txt",2026-06-16 20:19:56.35792
"681","REV-sid01-052026","Reverse Reef",11,"+4C",2,34,NA,"data/TP2/TANK11_Reflection__33__33.txt","TANK11_Reflection__33__33.txt",2026-06-16 20:20:21.045937
"682","REV-sid01-052026","Reverse Reef",11,"+4C",3,35,NA,"data/TP2/TANK11_Reflection__34__34.txt","TANK11_Reflection__34__34.txt",2026-06-16 20:20:50.627514
"683","REV-sid33-052026","Reverse Reef",11,"+4C",1,48,NA,"data/TP2/TANK11_Reflection__47__47.txt","TANK11_Reflection__47__47.txt",2026-06-16 20:29:15.025106
"684","REV-sid33-052026","Reverse Reef",11,"+4C",2,49,NA,"data/TP2/TANK11_Reflection__48__48.txt","TANK11_Reflection__48__48.txt",2026-06-16 20:29:31.267626
"685","REV-sid33-052026","Reverse Reef",11,"+4C",3,50,NA,"data/TP2/TANK11_Reflection__49__49.txt","TANK11_Reflection__49__49.txt",2026-06-16 20:29:58.227518
"686","REV-sid34-052026","Reverse Reef",11,"+4C",1,24,NA,"data/TP2/TANK11_Reflection__23__23.txt","TANK11_Reflection__23__23.txt",2026-06-16 20:13:19.52301
"687","REV-sid34-052026","Reverse Reef",11,"+4C",2,25,NA,"data/TP2/TANK11_Reflection__24__24.txt","TANK11_Reflection__24__24.txt",2026-06-16 20:13:37.071392
"688","REV-sid34-052026","Reverse Reef",11,"+4C",3,26,NA,"data/TP2/TANK11_Reflection__25__25.txt","TANK11_Reflection__25__25.txt",2026-06-16 20:14:19.637602
"689","URB-sid02-052826","Dodge Island",11,"+4C",1,30,NA,"data/TP2/TANK11_Reflection__29__29.txt","TANK11_Reflection__29__29.txt",2026-06-16 20:17:58.080631
"690","URB-sid02-052826","Dodge Island",11,"+4C",2,31,NA,"data/TP2/TANK11_Reflection__30__30.txt","TANK11_Reflection__30__30.txt",2026-06-16 20:18:13.019178
"691","URB-sid02-052826","Dodge Island",11,"+4C",3,32,NA,"data/TP2/TANK11_Reflection__31__31.txt","TANK11_Reflection__31__31.txt",2026-06-16 20:18:27.314194
"692","URB-sid20-052826","Dodge Island",11,"+4C",1,8,NA,"data/TP2/TANK11_Reflection__7__07.txt","TANK11_Reflection__7__07.txt",2026-06-16 19:58:47.652016
"693","URB-sid20-052826","Dodge Island",11,"+4C",2,9,NA,"data/TP2/TANK11_Reflection__8__08.txt","TANK11_Reflection__8__08.txt",2026-06-16 19:59:00.636032
"694","URB-sid20-052826","Dodge Island",11,"+4C",3,10,NA,"data/TP2/TANK11_Reflection__9__09.txt","TANK11_Reflection__9__09.txt",2026-06-16 19:59:12.326946
"695","cave-ssid04-04162026","Caves",11,"+4C",1,5,NA,"data/TP2/TANK11_Reflection__4__04.txt","TANK11_Reflection__4__04.txt",2026-06-16 19:57:49.562502
"696","cave-ssid04-04162026","Caves",11,"+4C",2,6,NA,"data/TP2/TANK11_Reflection__5__05.txt","TANK11_Reflection__5__05.txt",2026-06-16 19:58:03.19043
"697","cave-ssid04-04162026","Caves",11,"+4C",3,7,NA,"data/TP2/TANK11_Reflection__6__06.txt","TANK11_Reflection__6__06.txt",2026-06-16 19:58:16.485765
"698","cave-ssid06-04162026","Caves",11,"+4C",1,11,NA,"data/TP2/TANK11_Reflection__10__10.txt","TANK11_Reflection__10__10.txt",2026-06-16 20:00:15.648302
"699","cave-ssid06-04162026","Caves",11,"+4C",2,12,NA,"data/TP2/TANK11_Reflection__11__11.txt","TANK11_Reflection__11__11.txt",2026-06-16 20:00:30.250631
"700","cave-ssid06-04162026","Caves",11,"+4C",3,13,NA,"data/TP2/TANK11_Reflection__12__12.txt","TANK11_Reflection__12__12.txt",2026-06-16 20:00:43.892563
"701","cave-ssid25-04162026","Caves",11,"+4C",1,57,NA,"data/TP2/TANK11_Reflection__56__56.txt","TANK11_Reflection__56__56.txt",2026-06-16 20:33:16.814758
"702","cave-ssid25-04162026","Caves",11,"+4C",2,58,NA,"data/TP2/TANK11_Reflection__57__57.txt","TANK11_Reflection__57__57.txt",2026-06-16 20:33:36.96126
"703","cave-ssid25-04162026","Caves",11,"+4C",3,59,NA,"data/TP2/TANK11_Reflection__58__58.txt","TANK11_Reflection__58__58.txt",2026-06-16 20:33:53.531843
"704","sc-ssid09-04182026","South Canyon",11,"+4C",1,45,NA,"data/TP2/TANK11_Reflection__44__44.txt","TANK11_Reflection__44__44.txt",2026-06-16 20:27:26.147678
"705","sc-ssid09-04182026","South Canyon",11,"+4C",2,46,NA,"data/TP2/TANK11_Reflection__45__45.txt","TANK11_Reflection__45__45.txt",2026-06-16 20:28:20.433603
"706","sc-ssid09-04182026","South Canyon",11,"+4C",3,47,NA,"data/TP2/TANK11_Reflection__46__46.txt","TANK11_Reflection__46__46.txt",2026-06-16 20:28:37.982803
"707","sc-ssid21-04182026","South Canyon",11,"+4C",1,27,NA,"data/TP2/TANK11_Reflection__26__26.txt","TANK11_Reflection__26__26.txt",2026-06-16 20:15:12.310167
"708","sc-ssid21-04182026","South Canyon",11,"+4C",2,28,NA,"data/TP2/TANK11_Reflection__27__27.txt","TANK11_Reflection__27__27.txt",2026-06-16 20:16:38.423141
"709","sc-ssid21-04182026","South Canyon",11,"+4C",3,29,NA,"data/TP2/TANK11_Reflection__28__28.txt","TANK11_Reflection__28__28.txt",2026-06-16 20:17:08.334362
"710","sc-ssid30-04182026","South Canyon",11,"+4C",1,39,NA,"data/TP2/TANK11_Reflection__38__38.txt","TANK11_Reflection__38__38.txt",2026-06-16 20:23:43.206135
"711","sc-ssid30-04182026","South Canyon",11,"+4C",2,40,NA,"data/TP2/TANK11_Reflection__39__39.txt","TANK11_Reflection__39__39.txt",2026-06-16 20:23:56.851458
"712","sc-ssid30-04182026","South Canyon",11,"+4C",3,41,NA,"data/TP2/TANK11_Reflection__40__40.txt","TANK11_Reflection__40__40.txt",2026-06-16 20:24:16.688719
"713","skeleton_tank11",NA,11,"+4C",1,2,NA,"data/TP2/TANK11_Reflection__1__01.txt","TANK11_Reflection__1__01.txt",2026-06-16 19:56:20.647028
"714","skeleton_tank11",NA,11,"+4C",2,3,NA,"data/TP2/TANK11_Reflection__2__02.txt","TANK11_Reflection__2__02.txt",2026-06-16 19:56:41.749168
"715","skeleton_tank11",NA,11,"+4C",3,4,NA,"data/TP2/TANK11_Reflection__3__03.txt","TANK11_Reflection__3__03.txt",2026-06-16 19:56:56.020205
"716","spectralon_tank11",NA,11,"+4C",1,1,NA,"data/TP2/TANK11_Reflection__0__00.txt","TANK11_Reflection__0__00.txt",2026-06-16 19:55:48.507381
"717","DB-sid31-051426","Dania",12,"+2C",1,8,NA,"data/TP2/TANK12_Reflection__7__07.txt","TANK12_Reflection__7__07.txt",2026-06-16 08:18:27.980787
"718","DB-sid31-051426","Dania",12,"+2C",2,9,NA,"data/TP2/TANK12_Reflection__8__08.txt","TANK12_Reflection__8__08.txt",2026-06-16 08:18:50.056778
"719","DB-sid31-051426","Dania",12,"+2C",3,10,NA,"data/TP2/TANK12_Reflection__9__09.txt","TANK12_Reflection__9__09.txt",2026-06-16 08:19:02.682787
"720","EMERALD-sid29-052026","Emerald Reef",12,"+2C",2,21,NA,"data/TP2/TANK12_Reflection__20__20.txt","TANK12_Reflection__20__20.txt",2026-06-16 08:30:25.840084
"721","EMERALD-sid29-052026","Emerald Reef",12,"+2C",3,22,NA,"data/TP2/TANK12_Reflection__21__21.txt","TANK12_Reflection__21__21.txt",2026-06-16 08:30:44.383415
"722","EMERALD-sid29-052026","Emerald Reef",12,"+2C",4,23,NA,"data/TP2/TANK12_Reflection__22__22.txt","TANK12_Reflection__22__22.txt",2026-06-16 08:31:49.582706
"723","EMERALD-sid34-052026","Emerald Reef",12,"+2C",1,24,NA,"data/TP2/TANK12_Reflection__23__23.txt","TANK12_Reflection__23__23.txt",2026-06-16 08:32:53.862381
"724","EMERALD-sid34-052026","Emerald Reef",12,"+2C",2,25,NA,"data/TP2/TANK12_Reflection__24__24.txt","TANK12_Reflection__24__24.txt",2026-06-16 08:33:10.492785
"725","EMERALD-sid34-052026","Emerald Reef",12,"+2C",3,26,NA,"data/TP2/TANK12_Reflection__25__25.txt","TANK12_Reflection__25__25.txt",2026-06-16 08:33:35.490444
"726","GRA-sid01-051426","Graceland",12,"+2C",1,54,NA,"data/TP2/TANK12_Reflection__53__53.txt","TANK12_Reflection__53__53.txt",2026-06-16 09:02:40.685638
"727","GRA-sid01-051426","Graceland",12,"+2C",2,55,NA,"data/TP2/TANK12_Reflection__54__54.txt","TANK12_Reflection__54__54.txt",2026-06-16 09:02:58.842854
"728","GRA-sid01-051426","Graceland",12,"+2C",3,56,NA,"data/TP2/TANK12_Reflection__55__55.txt","TANK12_Reflection__55__55.txt",2026-06-16 09:15:50.828032
"729","GRA-sid22-051426","Graceland",12,"+2C",1,63,NA,"data/TP2/TANK12_Reflection__62__62.txt","TANK12_Reflection__62__62.txt",2026-06-16 09:25:56.650312
"730","GRA-sid22-051426","Graceland",12,"+2C",2,64,NA,"data/TP2/TANK12_Reflection__63__63.txt","TANK12_Reflection__63__63.txt",2026-06-16 09:26:50.949808
"731","GRA-sid22-051426","Graceland",12,"+2C",3,65,NA,"data/TP2/TANK12_Reflection__64__64.txt","TANK12_Reflection__64__64.txt",2026-06-16 09:27:21.359039
"732","HB-sid36-051426","Hollywood",12,"+2C",1,14,NA,"data/TP2/TANK12_Reflection__13__13.txt","TANK12_Reflection__13__13.txt",2026-06-16 08:22:30.105255
"733","HB-sid36-051426","Hollywood",12,"+2C",2,15,NA,"data/TP2/TANK12_Reflection__14__14.txt","TANK12_Reflection__14__14.txt",2026-06-16 08:24:16.190166
"734","HB-sid36-051426","Hollywood",12,"+2C",3,16,NA,"data/TP2/TANK12_Reflection__15__15.txt","TANK12_Reflection__15__15.txt",2026-06-16 08:24:30.92119
"735","JR-sid20-052026","JR's Ledge",12,"+2C",1,11,NA,"data/TP2/TANK12_Reflection__10__10.txt","TANK12_Reflection__10__10.txt",2026-06-16 08:20:39.152569
"736","JR-sid20-052026","JR's Ledge",12,"+2C",2,12,NA,"data/TP2/TANK12_Reflection__11__11.txt","TANK12_Reflection__11__11.txt",2026-06-16 08:20:56.699055
"737","JR-sid20-052026","JR's Ledge",12,"+2C",3,13,NA,"data/TP2/TANK12_Reflection__12__12.txt","TANK12_Reflection__12__12.txt",2026-06-16 08:21:23.844635
"738","REV-sid14-052026","Reverse Reef",12,"+2C",1,17,NA,"data/TP2/TANK12_Reflection__16__16.txt","TANK12_Reflection__16__16.txt",2026-06-16 08:28:15.896391
"739","REV-sid14-052026","Reverse Reef",12,"+2C",2,18,NA,"data/TP2/TANK12_Reflection__17__17.txt","TANK12_Reflection__17__17.txt",2026-06-16 08:28:35.341637
"740","REV-sid14-052026","Reverse Reef",12,"+2C",3,19,NA,"data/TP2/TANK12_Reflection__18__18.txt","TANK12_Reflection__18__18.txt",2026-06-16 08:29:02.864054
"741","REV-sid23-052026","Reverse Reef",12,"+2C",1,40,NA,"data/TP2/TANK12_Reflection__39__39.txt","TANK12_Reflection__39__39.txt",2026-06-16 08:49:02.942308
"742","REV-sid23-052026","Reverse Reef",12,"+2C",2,41,NA,"data/TP2/TANK12_Reflection__40__40.txt","TANK12_Reflection__40__40.txt",2026-06-16 08:49:58.38954
"743","REV-sid23-052026","Reverse Reef",12,"+2C",3,42,NA,"data/TP2/TANK12_Reflection__41__41.txt","TANK12_Reflection__41__41.txt",2026-06-16 08:50:12.349222
"744","REV-sid26-052026","Reverse Reef",12,"+2C",3,51,NA,"data/TP2/TANK12_Reflection__50__50.txt","TANK12_Reflection__50__50.txt",2026-06-16 08:58:35.117079
"745","REV-sid26-052026","Reverse Reef",12,"+2C",4,52,NA,"data/TP2/TANK12_Reflection__51__51.txt","TANK12_Reflection__51__51.txt",2026-06-16 08:58:51.917145
"746","REV-sid26-052026","Reverse Reef",12,"+2C",5,53,NA,"data/TP2/TANK12_Reflection__52__52.txt","TANK12_Reflection__52__52.txt",2026-06-16 08:59:05.384844
"747","URB-sid06-052826","Dodge Island",12,"+2C",1,66,NA,"data/TP2/TANK12_Reflection__65__65.txt","TANK12_Reflection__65__65.txt",2026-06-16 09:28:45.284796
"748","URB-sid06-052826","Dodge Island",12,"+2C",2,67,NA,"data/TP2/TANK12_Reflection__66__66.txt","TANK12_Reflection__66__66.txt",2026-06-16 09:29:23.353485
"749","URB-sid06-052826","Dodge Island",12,"+2C",3,68,NA,"data/TP2/TANK12_Reflection__67__67.txt","TANK12_Reflection__67__67.txt",2026-06-16 09:29:37.538723
"750","URB-sid15-052826","Dodge Island",12,"+2C",1,57,NA,"data/TP2/TANK12_Reflection__56__56.txt","TANK12_Reflection__56__56.txt",2026-06-16 09:16:34.489418
"751","URB-sid15-052826","Dodge Island",12,"+2C",2,58,NA,"data/TP2/TANK12_Reflection__57__57.txt","TANK12_Reflection__57__57.txt",2026-06-16 09:21:13.514601
"752","URB-sid15-052826","Dodge Island",12,"+2C",3,59,NA,"data/TP2/TANK12_Reflection__58__58.txt","TANK12_Reflection__58__58.txt",2026-06-16 09:21:37.447691
"753","URB-sid35-052826","Dodge Island",12,"+2C",1,36,"Scratched out","data/TP2/TANK12_Reflection__35__35.txt","TANK12_Reflection__35__35.txt",2026-06-16 08:44:12.3652
"754","URB-sid35-052826","Dodge Island",12,"+2C",2,37,NA,"data/TP2/TANK12_Reflection__36__36.txt","TANK12_Reflection__36__36.txt",2026-06-16 08:47:11.955114
"755","URB-sid35-052826","Dodge Island",12,"+2C",3,38,NA,"data/TP2/TANK12_Reflection__37__37.txt","TANK12_Reflection__37__37.txt",2026-06-16 08:47:32.016014
"756","URB-sid35-052826","Dodge Island",12,"+2C",4,39,NA,"data/TP2/TANK12_Reflection__38__38.txt","TANK12_Reflection__38__38.txt",2026-06-16 08:47:46.35008
"757","cave-ssid10-04162026","Caves",12,"+2C",1,27,NA,"data/TP2/TANK12_Reflection__26__26.txt","TANK12_Reflection__26__26.txt",2026-06-16 08:36:01.737295
"758","cave-ssid10-04162026","Caves",12,"+2C",2,28,NA,"data/TP2/TANK12_Reflection__27__27.txt","TANK12_Reflection__27__27.txt",2026-06-16 08:36:20.290264
"759","cave-ssid10-04162026","Caves",12,"+2C",3,29,NA,"data/TP2/TANK12_Reflection__28__28.txt","TANK12_Reflection__28__28.txt",2026-06-16 08:36:34.46913
"760","cave-ssid18-04162026","Caves",12,"+2C",1,5,NA,"data/TP2/TANK12_Reflection__4__04.txt","TANK12_Reflection__4__04.txt",2026-06-16 08:16:59.163328
"761","cave-ssid18-04162026","Caves",12,"+2C",2,6,NA,"data/TP2/TANK12_Reflection__5__05.txt","TANK12_Reflection__5__05.txt",2026-06-16 08:17:16.914839
"762","cave-ssid18-04162026","Caves",12,"+2C",3,7,NA,"data/TP2/TANK12_Reflection__6__06.txt","TANK12_Reflection__6__06.txt",2026-06-16 08:17:52.089724
"763","cave-ssid28-04162026","Caves",12,"+2C",1,46,NA,"data/TP2/TANK12_Reflection__45__45.txt","TANK12_Reflection__45__45.txt",2026-06-16 08:52:51.322227
"764","cave-ssid28-04162026","Caves",12,"+2C",2,47,NA,"data/TP2/TANK12_Reflection__46__46.txt","TANK12_Reflection__46__46.txt",2026-06-16 08:53:21.062166
"765","cave-ssid28-04162026","Caves",12,"+2C",3,48,NA,"data/TP2/TANK12_Reflection__47__47.txt","TANK12_Reflection__47__47.txt",2026-06-16 08:53:34.853378
"766","ftlb2-ssid01-03222026","BAR",12,"+2C",1,43,NA,"data/TP2/TANK12_Reflection__42__42.txt","TANK12_Reflection__42__42.txt",2026-06-16 08:51:37.063526
"767","ftlb2-ssid01-03222026","BAR",12,"+2C",2,44,NA,"data/TP2/TANK12_Reflection__43__43.txt","TANK12_Reflection__43__43.txt",2026-06-16 08:51:48.908676
"768","ftlb2-ssid01-03222026","BAR",12,"+2C",3,45,NA,"data/TP2/TANK12_Reflection__44__44.txt","TANK12_Reflection__44__44.txt",2026-06-16 08:52:08.016855
"769","ftlb2-ssid05-03222026","BAR",12,"+2C",1,33,NA,"data/TP2/TANK12_Reflection__32__32.txt","TANK12_Reflection__32__32.txt",2026-06-16 08:39:09.903784
"770","ftlb2-ssid05-03222026","BAR",12,"+2C",2,34,NA,"data/TP2/TANK12_Reflection__33__33.txt","TANK12_Reflection__33__33.txt",2026-06-16 08:39:39.002291
"771","ftlb2-ssid05-03222026","BAR",12,"+2C",3,35,NA,"data/TP2/TANK12_Reflection__34__34.txt","TANK12_Reflection__34__34.txt",2026-06-16 08:40:00.183983
"772","sc-ssid05-04182026","South Canyon",12,"+2C",1,60,NA,"data/TP2/TANK12_Reflection__59__59.txt","TANK12_Reflection__59__59.txt",2026-06-16 09:24:18.336422
"773","sc-ssid05-04182026","South Canyon",12,"+2C",2,61,NA,"data/TP2/TANK12_Reflection__60__60.txt","TANK12_Reflection__60__60.txt",2026-06-16 09:24:33.896996
"774","sc-ssid05-04182026","South Canyon",12,"+2C",3,62,NA,"data/TP2/TANK12_Reflection__61__61.txt","TANK12_Reflection__61__61.txt",2026-06-16 09:24:48.91544
"775","sc-ssid11-04182026","South Canyon",12,"+2C",1,30,NA,"data/TP2/TANK12_Reflection__29__29.txt","TANK12_Reflection__29__29.txt",2026-06-16 08:37:27.783237
"776","sc-ssid11-04182026","South Canyon",12,"+2C",2,31,NA,"data/TP2/TANK12_Reflection__30__30.txt","TANK12_Reflection__30__30.txt",2026-06-16 08:37:39.7029
"777","sc-ssid11-04182026","South Canyon",12,"+2C",3,32,NA,"data/TP2/TANK12_Reflection__31__31.txt","TANK12_Reflection__31__31.txt",2026-06-16 08:38:07.496639
"778","skeleton_tank12",NA,12,"+2C",1,2,NA,"data/TP2/TANK12_Reflection__1__01.txt","TANK12_Reflection__1__01.txt",2026-06-16 08:12:52.180809
"779","skeleton_tank12",NA,12,"+2C",2,3,NA,"data/TP2/TANK12_Reflection__2__02.txt","TANK12_Reflection__2__02.txt",2026-06-16 08:13:17.788971
"780","skeleton_tank12",NA,12,"+2C",3,4,NA,"data/TP2/TANK12_Reflection__3__03.txt","TANK12_Reflection__3__03.txt",2026-06-16 08:13:28.826517
"781","spectralon_tank12",NA,12,"+2C",1,1,NA,"data/TP2/TANK12_Reflection__0__00.txt","TANK12_Reflection__0__00.txt",2026-06-16 08:11:00.380133
